Id,Prediction
0,89.7142980025
1,87.8836649297
2,89.9716140485
3,85.0052209741
4,93.5525344850
5,86.5020803850
6,91.9289801391
7,89.4674280981
8,86.1875733051
9,87.1325147871
10,88.4882314412
11,88.3593728458
12,90.7473450794
13,90.6896469608
14,91.4796993125
15,80.9252922585
16,87.9036086045
17,86.7057680870
18,89.2772206296
19,81.2289635880
20,86.6224272475
21,88.5366355057
22,90.6143005263
23,84.2500064389
24,90.6919806760
25,85.5780395649
26,87.5691837195
27,93.6932470269
28,90.2526480266
29,90.8413960729
30,87.5905457790
31,80.3951564774
32,93.3534997406
33,84.7712990398
34,88.8156881294
35,88.6901851845
36,88.0807038916
37,88.9035078472
38,88.6489286828
39,87.0225052523
40,88.4208357799
41,87.3091110561
42,88.7294344408
43,92.2358472762
44,84.3607313326
45,90.9664264546
46,85.7843027705
47,84.0063147148
48,88.0435798823
49,86.1086933807
50,90.9523659038
51,87.9757685744
52,89.1846402724
53,91.2355523318
54,86.7048005699
55,86.7665349506
56,91.6076987674
57,85.8976630272
58,88.4220342131
59,88.0047961847
60,88.4980995118
61,89.1264660380
62,89.2407149200
63,87.3050973875
64,89.3667244500
65,91.0552316608
66,87.3629054485
67,90.5565297306
68,84.9195735122
69,87.6746714294
70,90.8551558272
71,84.6339610106
72,89.9977062174
73,88.2656561399
74,89.1736900391
75,87.1987277402
76,86.7859620765
77,92.4280043096
78,87.0817450662
79,89.4759374836
80,88.3618526847
81,87.7454360237
82,89.8261794733
83,83.3945052082
84,91.7754193294
85,85.3575709884
86,93.0658439642
87,87.1338691368
88,88.5800077729
89,89.1168453845
90,87.0978643996
91,86.1319010857
92,89.8813314437
93,88.0148857675
94,86.1156051390
95,87.5533016511
96,88.0905518945
97,91.4676595715
98,89.5579442942
99,92.3146088497
100,86.5787899967
101,89.0298772767
102,90.7943574469
103,89.3204082293
104,86.2538294951
105,87.9061118453
106,88.5267549505
107,88.7997843947
108,91.0933857091
109,88.7266931280
110,89.4298651739
111,84.5467190141
112,95.1425581065
113,88.9671746764
114,87.4242772051
115,89.2339648342
116,88.3042454227
117,88.9076848541
118,86.8896386985
119,88.0266708104
120,85.8183729358
121,86.0980068147
122,90.4725161776
123,86.9417589127
124,92.3762367462
125,88.4078392424
126,86.3567795134
127,87.7265138906
128,86.1346008165
129,86.1080649690
130,90.9298510568
131,90.4340795564
132,89.2123506756
133,87.2935955190
134,88.8286346841
135,85.4498708147
136,85.1980926618
137,92.1737330942
138,89.9402066368
139,87.6660667574
140,89.3356387133
141,90.5978328724
142,87.5755709482
143,91.2995664496
144,93.6641500417
145,87.3380157935
146,92.0806255312
147,88.4080043447
148,88.3463703100
149,91.0703938915
150,82.2986109394
151,87.0412924952
152,90.8748241523
153,91.0586490651
154,89.3574412013
155,88.8758104865
156,85.9142866835
157,87.2935103623
158,89.8708957273
159,85.3530810435
160,87.9773255341
161,83.4710669752
162,87.5302737462
163,90.9879929598
164,89.9290737363
165,89.5960145908
166,93.9801901059
167,93.5698107110
168,87.3616507606
169,86.3549745034
170,83.3685266754
171,90.9064352483
172,89.3304512687
173,89.6780296716
174,89.3976451485
175,84.9921456574
176,82.8724568798
177,89.0478445809
178,88.0033147024
179,91.4485312687
180,85.9904222615
181,91.6117972391
182,85.3732632141
183,84.2797855199
184,89.3250710367
185,85.0899484189
186,83.2746405197
187,84.9206120693
188,85.3223983041
189,86.4686691867
190,86.8901006124
191,90.4854372014
192,90.2319435675
193,86.4318777320
194,85.9623797289
195,93.7486856669
196,90.2954495555
197,83.2268760797
198,93.2199505014
199,91.0005496709
200,88.4774294437
201,86.6045038862
202,87.7952594844
203,89.0933977058
204,88.1473353790
205,84.4929254760
206,91.8092705808
207,88.7766829041
208,86.0529955667
209,86.7712985711
210,88.7598604317
211,87.9996573434
212,89.4066423760
213,89.8542730222
214,84.0110454264
215,85.2368969568
216,83.3924191381
217,88.7727106126
218,90.8187968932
219,89.1354805917
220,92.2507527794
221,84.5144024034
222,86.4678457930
223,87.5695241629
224,91.0804607971
225,87.8612581743
226,88.8515011371
227,93.6254949743
228,87.9607145410
229,91.6566929670
230,84.5262842013
231,84.9879643364
232,88.1490298610
233,85.4151929165
234,87.2947036506
235,88.0089658073
236,80.4021100496
237,85.0349978822
238,86.4220622887
239,89.0825314616
240,87.6016197118
241,83.6781189609
242,92.0182151260
243,90.6734514992
244,94.7080630264
245,90.3051590654
246,89.1144820426
247,88.7670424468
248,87.2115339307
249,88.1198076881
250,83.2366532332
251,86.4388041127
252,86.2709445308
253,89.5753518731
254,87.1448155401
255,85.9943988246
256,86.9483246368
257,89.1045523329
258,90.3559572282
259,85.2773163988
260,86.8620860667
261,90.6159541809
262,90.2153922706
263,91.9112875957
264,84.9753332778
265,82.1934555511
266,92.1293992779
267,87.2385415293
268,87.9884944964
269,86.1285140644
270,92.5615910552
271,88.8305095757
272,90.6696164621
273,88.5520324003
274,87.9567642010
275,87.0467100755
276,87.2517923455
277,91.6808037655
278,87.9396429147
279,83.8697748977
280,88.0271106541
281,87.8587750394
282,91.6823981137
283,90.4193666915
284,87.6546436436
285,90.5897904038
286,88.3103183276
287,82.7668931480
288,89.1794937341
289,91.9409620675
290,86.1540172957
291,85.1662541103
292,88.5717503368
293,83.7792690572
294,88.0093119620
295,88.3078351361
296,89.6304412853
297,89.3881024787
298,84.8288302445
299,86.2133948210
300,87.2318611418
301,84.0233944369
302,91.0882114740
303,87.8099527904
304,91.5892941604
305,91.3493066480
306,84.1759713324
307,87.0793771039
308,88.5282356094
309,88.8581976599
310,85.5244571770
311,84.4656983445
312,90.7587727031
313,85.4224694477
314,87.9725876338
315,91.8736742101
316,86.2811878780
317,88.8484062584
318,84.5800289348
319,85.0598334747
320,91.2283936091
321,88.8998701768
322,92.6060335442
323,90.7611702791
324,90.2902621315
325,90.1348702492
326,89.6949902643
327,85.3762698474
328,87.4071839368
329,89.3890228632
330,88.0136749465
331,84.7104006477
332,88.9903137164
333,87.8685123552
334,89.4820694595
335,88.8950521446
336,89.7076277237
337,96.0595710427
338,89.2397377267
339,89.4328455923
340,87.3454981082
341,85.3067671100
342,85.0624067112
343,90.1458421595
344,87.7460873867
345,88.8096018591
346,87.4258437863
347,87.4190052758
348,87.4570082973
349,88.5080579390
350,83.9722984116
351,85.9594679876
352,86.0600926077
353,86.4490356894
354,87.2815104407
355,85.2686361873
356,86.7513870955
357,88.6830248923
358,87.3819841609
359,90.6728868238
360,85.5406258761
361,85.0620853895
362,84.2624576148
363,85.4146600884
364,88.5697730406
365,90.3748945641
366,85.6021764557
367,89.6791159772
368,87.2345156634
369,82.2645223838
370,89.4580499500
371,87.9297013711
372,84.1524323817
373,86.1495239709
374,86.6548972868
375,85.2063597247
376,87.3105136148
377,85.0470452948
378,94.3515454749
379,91.8926340244
380,90.0892882485
381,91.9786090947
382,84.6583044148
383,87.4393569933
384,88.1540461981
385,86.8479802530
386,92.0974415549
387,85.9323192688
388,84.5818297977
389,92.0438089700
390,89.5006729204
391,85.2660684682
392,88.7113174044
393,89.5672831697
394,92.2174160841
395,90.2286905932
396,89.6488458346
397,86.1130201556
398,85.9321072274
399,89.3809622927
400,87.4861970482
401,84.4868686471
402,87.6795981441
403,88.3396243886
404,94.9895187028
405,88.6899201138
406,85.6531437474
407,88.4801356126
408,85.4724797537
409,83.9975967423
410,89.6475147050
411,86.9344277006
412,86.3331524752
413,88.7845931618
414,86.2382821492
415,86.4094998919
416,86.9965348797
417,87.9825999907
418,88.5345700249
419,87.5547053212
420,86.7196297021
421,88.9151111074
422,88.3113150868
423,87.9120758144
424,90.8127379359
425,88.7427508911
426,86.7349394020
427,90.6381731965
428,87.2702589228
429,93.9161744367
430,86.6942214754
431,86.8196922461
432,90.5783982822
433,87.4782570457
434,85.8094835385
435,81.3115482939
436,91.0936367236
437,87.9918427399
438,91.9503407330
439,86.1699172968
440,87.4880971755
441,87.8290405201
442,90.9722513442
443,90.4243670519
444,86.0536206774
445,88.4929319185
446,88.8232094925
447,89.3292992748
448,86.2333904794
449,83.2749737611
450,85.5605503781
451,83.8581518857
452,84.5744277854
453,84.0183918806
454,86.7195426871
455,85.1685460270
456,89.4985272060
457,86.0837445931
458,92.3082330465
459,88.1391922950
460,88.7505788851
461,91.0723984417
462,90.0423534670
463,88.5490604190
464,86.4318591702
465,87.2934304662
466,88.9965521923
467,87.8669044920
468,87.1450114148
469,88.1773445466
470,91.5453439645
471,83.4837522810
472,94.7495153843
473,81.9725723373
474,89.0205305153
475,85.6818934899
476,88.5917719951
477,88.6407365536
478,91.1620717640
479,90.9244881498
480,90.0264952475
481,87.7590480314
482,87.7888483742
483,84.7281754223
484,87.8648568815
485,89.2374301893
486,87.7457979341
487,88.8911954558
488,87.2085962777
489,86.0628991722
490,91.3270687156
491,84.5679264301
492,86.9999961189
493,90.1380147999
494,84.8638949372
495,87.1154376607
496,86.6658439658
497,86.3016265863
498,88.2451861631
499,89.7901336297
500,90.5488880254
501,88.0227035466
502,90.0123037919
503,83.8202847066
504,84.1218953875
505,90.9692089513
506,88.4846136198
507,89.6655849188
508,88.0573242682
509,86.1398997033
510,85.9541984142
511,82.6768640755
512,90.2192429293
513,85.9559712846
514,84.8975977728
515,89.0371582685
516,85.8170341941
517,88.0418524078
518,90.3837028465
519,87.8084918550
520,94.3615779957
521,90.2579573244
522,85.2432464036
523,85.5904892019
524,87.2178777902
525,92.6749339581
526,87.4008252324
527,90.7128138454
528,90.9432281745
529,89.0090951343
530,90.3345608628
531,90.8069800939
532,87.1669609265
533,89.6108359142
534,89.0904656027
535,94.6403997320
536,87.9301590226
537,86.8388922419
538,88.7391412645
539,89.4271062820
540,91.0029911738
541,88.0711232243
542,83.1560019843
543,91.7238736241
544,92.1627556842
545,87.3471572693
546,90.3327406633
547,86.5043178312
548,85.5637667895
549,88.0000847427
550,86.5804539562
551,88.9340282129
552,88.6734783139
553,91.5816484344
554,85.1908842323
555,86.2371497192
556,84.1816538699
557,87.2187688448
558,91.9980373574
559,88.8681360704
560,92.0009951924
561,86.0997291190
562,88.4688906640
563,88.6084867176
564,88.6357804960
565,91.5941310143
566,88.7548628016
567,86.6452419862
568,89.2606668891
569,95.2696772111
570,87.0549415582
571,92.6854911432
572,92.6443312458
573,84.2492186721
574,90.4797110505
575,87.1276347187
576,86.9384744862
577,88.3816065183
578,85.1895775223
579,87.4343348473
580,88.6441353812
581,87.4217983054
582,89.2102455050
583,86.1311670821
584,88.1475216921
585,84.2153855725
586,84.5970122903
587,85.4662562943
588,85.4093377853
589,90.7657211186
590,91.0441323415
591,83.6025338325
592,88.4335690457
593,89.6345708610
594,85.3236911629
595,86.7504141120
596,91.7799967791
597,88.6429835577
598,85.5356528110
599,87.2080740301
600,86.2425424784
601,92.7278082956
602,91.0617987550
603,85.5837372789
604,88.3595381806
605,85.8735273620
606,84.6144430726
607,88.9842028658
608,83.5687372620
609,87.8986887353
610,91.9004908819
611,90.2206733571
612,89.7106169744
613,82.3730615789
614,88.1352129419
615,85.9403651731
616,91.9670903056
617,87.9451086139
618,88.9454531932
619,92.7070740420
620,91.4626267224
621,83.8148629476
622,90.2970290577
623,89.5809709143
624,86.0108019109
625,87.9103908098
626,90.8886815078
627,87.1890073534
628,87.0377589332
629,86.9178838747
630,87.1874444425
631,80.8801878401
632,83.5327200069
633,87.4616853629
634,87.6739177465
635,90.8505370331
636,87.5478817891
637,83.7035659420
638,85.1087033950
639,90.1469459414
640,86.8306591613
641,82.9685768540
642,89.9566012380
643,92.9732476883
644,86.8750685748
645,88.6822852057
646,85.3450062859
647,84.4832222407
648,89.2233097508
649,88.3007258019
650,88.9819500912
651,87.3747700260
652,88.2387733865
653,85.8691267445
654,88.1099084428
655,83.8380461899
656,85.5237553380
657,91.2489451999
658,85.4500186365
659,86.9696525502
660,83.6011855762
661,92.4588240887
662,88.3237786826
663,87.4656782815
664,85.5823801703
665,89.7303076937
666,83.1138736240
667,88.4280186868
668,88.4013177988
669,88.0969904920
670,89.6682698939
671,88.4152002590
672,87.8404660478
673,90.6834813391
674,89.5486219902
675,81.7775086645
676,87.7989000558
677,87.3277552610
678,89.9272605029
679,92.2992214294
680,93.5272378721
681,82.6588346321
682,86.8959173971
683,92.5221119014
684,86.0367129070
685,85.8440407141
686,84.2670156359
687,89.4453238801
688,88.1220790357
689,87.3137600050
690,85.1691611346
691,88.3816155872
692,86.8200519927
693,88.6839107067
694,87.3312534159
695,93.8755925235
696,88.0626114202
697,86.8950751759
698,83.4748457930
699,84.1907399584
700,88.3339956020
701,88.7699967536
702,89.2733302134
703,88.8628624294
704,91.7929056111
705,89.9942457625
706,92.7280788025
707,88.2881519437
708,87.4172173350
709,87.6545283628
710,87.4521395989
711,89.9801225945
712,88.6067911875
713,92.3815639684
714,84.2287239094
715,86.8489758368
716,85.0816046206
717,86.6629024294
718,90.1768618779
719,88.2841174973
720,86.9134084490
721,90.3102119789
722,92.9998574434
723,89.3833592327
724,92.8150880794
725,88.2487072850
726,90.5671536694
727,87.3518575163
728,83.6220489916
729,87.8029316472
730,89.1389605124
731,89.4228116652
732,85.6751815116
733,89.1847538482
734,90.9581133445
735,85.0938909004
736,93.6536174455
737,87.5423702596
738,86.6312873410
739,86.5228877032
740,90.5609139523
741,89.0494114533
742,86.8147775603
743,86.1820797902
744,86.6439540703
745,89.8988292421
746,89.0361546247
747,85.8486806196
748,87.9082885219
749,83.2959113186
750,93.9660784029
751,90.8391149510
752,85.8936975293
753,92.2223262664
754,88.1942866501
755,86.6193793866
756,89.0612390687
757,87.3818567465
758,91.0371716635
759,87.5577673401
760,87.3989638672
761,88.6896768222
762,89.8867723467
763,89.1888364727
764,85.4191386009
765,90.1329737787
766,90.6144756982
767,84.7687750882
768,88.4369277708
769,87.4662688685
770,90.1890677055
771,86.2172675722
772,87.1757000471
773,92.1971815873
774,89.0717200716
775,85.7750774081
776,84.4911863694
777,87.6538470648
778,87.5897508341
779,85.8708757914
780,86.1709546223
781,86.1006768203
782,84.8200461266
783,86.3666236894
784,91.1206073708
785,89.6926214641
786,89.1917089415
787,87.5745513881
788,85.5733898014
789,92.3957183000
790,90.8832489351
791,89.0974323022
792,91.5623113670
793,88.3909711337
794,89.1502902699
795,81.0964894724
796,89.4659174401
797,87.9739695689
798,91.9828492228
799,83.6569300206
800,85.7607743697
801,88.0117549550
802,89.8724949118
803,84.6911379469
804,94.9547405600
805,86.8211675672
806,90.7635105511
807,85.0534780181
808,91.6065219745
809,87.5084540237
810,87.3286635270
811,91.6480411416
812,90.9364102302
813,94.5905114467
814,85.6860416203
815,88.2697234258
816,86.7575251216
817,89.5412621400
818,87.7502427166
819,91.1643747652
820,88.8807105327
821,90.1030366890
822,83.8225503909
823,87.7776364749
824,94.7566096725
825,90.5741556943
826,85.3812238258
827,92.2477955372
828,87.5928182395
829,89.4854646126
830,89.8080665726
831,85.6706866629
832,86.5196879580
833,83.3363433900
834,89.4844654274
835,91.0910238988
836,84.3588733622
837,85.3609700338
838,86.7315670884
839,85.4111945853
840,87.9575113935
841,91.3925860891
842,89.7566972879
843,91.3173727881
844,86.1413461463
845,88.3066272614
846,91.7685519008
847,88.3146447608
848,89.2222586448
849,90.3659279084
850,89.6073844291
851,86.9115390708
852,86.0637277043
853,85.2302578358
854,85.8541456915
855,88.2756924526
856,88.0050685255
857,88.2137375686
858,85.3566368448
859,86.7248303801
860,85.9677383970
861,93.3891587067
862,83.5210251990
863,89.6900539652
864,88.5343520659
865,87.8597729926
866,83.2797467119
867,90.4965467801
868,88.8972451820
869,86.0811897069
870,89.7653540985
871,81.6476969745
872,91.6049719367
873,86.8468208767
874,85.3323943416
875,88.9819322201
876,88.3376534889
877,88.0328409926
878,87.1206267120
879,84.6201767965
880,87.8189898746
881,91.5865298971
882,89.8236944436
883,88.6248288712
884,89.4325875625
885,87.2778713111
886,92.1572959358
887,86.3229618651
888,85.4319089154
889,88.3757429130
890,91.0187040860
891,87.9936040269
892,89.1842101972
893,84.4968018317
894,85.5923026846
895,80.6406562168
896,87.7116857935
897,90.1120197791
898,87.8710420027
899,83.6669568895
900,83.2074120739
901,89.9955797581
902,86.5856116265
903,88.4198936376
904,87.8909740141
905,92.3741625397
906,89.4320750378
907,85.7711461060
908,90.9415504579
909,83.7963241353
910,89.4265655528
911,88.8927255780
912,88.4431367324
913,88.4327780425
914,88.1045815907
915,92.1752903166
916,83.1127046245
917,92.4140189429
918,89.1091624904
919,86.0925131537
920,84.1654916194
921,88.5847008749
922,86.9619712609
923,86.1519711844
924,88.7997899103
925,86.2913248461
926,91.5882286220
927,90.3486998312
928,89.4086164664
929,89.9936486785
930,88.1330306245
931,88.7279853140
932,87.3579844470
933,87.1435606075
934,87.0413864452
935,88.3108340031
936,89.5730344330
937,90.8882513378
938,85.7514491258
939,92.5673773180
940,86.7870832451
941,86.0704125511
942,86.1815872479
943,87.6102905967
944,92.4154744665
945,90.4164104532
946,88.7407763506
947,88.9452600341
948,86.3163219495
949,88.0451270443
950,86.7000229902
951,86.2078023577
952,82.8347224626
953,88.2665735648
954,85.8461896674
955,89.4879609773
956,86.8195527969
957,88.6752482096
958,86.2067513217
959,85.8009778602
960,85.4387235625
961,89.3313699927
962,79.4196071486
963,82.7470491451
964,87.0431363184
965,92.0040029311
966,79.1425511420
967,83.9336587726
968,90.4546451289
969,84.0898012161
970,87.5065278499
971,87.0633769819
972,86.2568168219
973,84.2556241240
974,89.5042813161
975,94.2190684037
976,87.6392392075
977,83.6243047720
978,88.7749699546
979,91.4342691281
980,82.2038108972
981,87.2627741852
982,92.7766501664
983,86.3414970109
984,85.7892696605
985,86.7108506839
986,87.1175567042
987,83.1651000188
988,88.4492184562
989,87.2513927940
990,85.2264713030
991,89.8551541813
992,94.2805267436
993,84.8884564278
994,92.6992582953
995,87.0010140968
996,87.8167407889
997,88.1222875370
998,83.1566113263
999,84.1648501782
1000,86.4611922575
1001,89.7959348673
1002,85.8042049493
1003,90.8122708848
1004,88.0287044419
1005,91.6536961517
1006,87.8921386220
1007,92.2500583819
1008,89.5591815841
1009,86.2657544051
1010,89.0028659060
1011,89.6183627844
1012,88.0634647691
1013,89.0254221557
1014,86.5545762970
1015,87.0040844017
1016,90.4553081279
1017,90.7582637094
1018,87.1903657758
1019,80.8441972590
1020,87.1082809538
1021,90.7646192193
1022,89.1586412895
1023,90.8318106762
1024,86.5460972719
1025,87.9329452038
1026,85.2961896657
1027,91.7808461472
1028,86.7443696248
1029,82.6939420516
1030,92.3117424230
1031,87.4188016437
1032,88.5578623144
1033,89.7178874952
1034,91.7094069206
1035,86.6649545674
1036,88.1478251507
1037,83.0233013601
1038,90.2593363796
1039,91.3030039655
1040,88.0406829095
1041,88.9342580538
1042,91.8210348576
1043,86.1306839768
1044,87.8219526944
1045,91.4784830393
1046,92.6895366463
1047,87.3361573129
1048,89.1071135062
1049,85.5377281480
1050,82.0800643006
1051,87.9813801763
1052,92.6899360359
1053,83.1163460351
1054,85.4397314195
1055,88.3821383457
1056,90.7557551806
1057,87.9488320470
1058,89.4009263019
1059,88.2406249205
1060,87.3502012943
1061,91.7377830073
1062,85.2807043934
1063,89.8490560922
1064,86.2010532389
1065,86.6671703887
1066,89.2163451341
1067,82.4796839411
1068,88.2994416510
1069,86.7141875618
1070,88.9709252606
1071,86.8449167549
1072,83.3134908393
1073,95.2640173037
1074,89.4629526779
1075,93.9564781566
1076,90.8493457362
1077,91.8645332780
1078,87.5671850556
1079,86.5402514750
1080,82.9871397407
1081,82.8241792768
1082,89.3679007572
1083,89.6376817759
1084,89.5293695301
1085,86.3417148231
1086,85.5902493181
1087,90.1142727871
1088,93.1612710683
1089,89.2078137855
1090,86.1448376591
1091,92.6317341494
1092,89.2936507332
1093,83.8695911381
1094,89.7881073526
1095,93.2415081618
1096,91.8764566959
1097,91.9711571193
1098,87.3790317680
1099,88.3714270232
1100,81.4826382744
1101,88.6845782002
1102,81.6852366725
1103,92.2622512844
1104,85.6662898709
1105,84.6388643915
1106,87.4734635195
1107,89.0401401030
1108,83.0449662624
1109,81.7567422284
1110,88.7329024444
1111,84.8313091288
1112,87.0321581191
1113,86.5761284315
1114,86.6533031507
1115,89.2953193405
1116,85.0943010681
1117,89.4816396908
1118,82.0512143693
1119,86.8085338260
1120,89.3344218943
1121,91.6035373582
1122,90.0468648794
1123,85.2942217535
1124,84.2896375056
1125,86.9897194871
1126,89.6919467690
1127,89.9580061633
1128,79.6450924485
1129,90.2381978531
1130,87.8223900272
1131,87.7624198218
1132,92.6012760449
1133,86.6653940194
1134,89.6906162657
1135,88.6236948511
1136,81.7134386029
1137,84.0724446943
1138,90.9423438598
1139,88.2539612945
1140,84.2433803749
1141,87.9455821393
1142,85.0556208866
1143,90.6563322057
1144,89.8441823183
1145,89.0241281930
1146,87.1297252757
1147,83.4465654408
1148,86.0548088175
1149,88.1621555927
1150,89.3833138335
1151,86.2964242373
1152,86.5657099298
1153,87.1938794874
1154,86.7101258913
1155,90.6079155445
1156,89.7178222211
1157,88.5349259715
1158,89.2664545353
1159,89.6922698285
1160,88.3262463474
1161,86.9931345110
1162,91.0321913293
1163,88.3012870629
1164,83.1339081036
1165,92.6488181267
1166,85.4079322194
1167,89.5008088886
1168,87.6969899161
1169,87.0866465684
1170,93.5124667967
1171,86.3488227545
1172,89.1269782291
1173,90.4907784876
1174,88.0167636543
1175,88.0248990391
1176,90.3280200974
1177,86.1950380110
1178,81.9711392139
1179,91.6123203488
1180,83.5333975297
1181,88.7148696744
1182,90.4715112614
1183,90.3100659739
1184,87.4739351266
1185,85.4085863636
1186,88.0048824883
1187,90.9551132710
1188,85.7587258964
1189,86.9570235012
1190,86.6629551475
1191,87.3073162089
1192,83.5895870541
1193,83.5934907814
1194,91.2340228465
1195,86.9918425432
1196,85.6428471777
1197,85.1081846953
1198,85.6201969749
1199,84.7838822359
1200,85.7131379635
1201,85.6260470818
1202,82.9981281612
1203,89.0615009039
1204,84.8612264813
1205,85.5698262999
1206,90.6300041898
1207,85.6873071638
1208,90.6114363719
1209,82.3651035183
1210,86.6148143536
1211,95.0166845248
1212,87.8052862278
1213,84.8985987213
1214,87.6059902997
1215,86.4061641038
1216,92.5787716591
1217,87.4694699011
1218,87.5206239297
1219,89.9836720334
1220,85.0317764035
1221,84.8282716542
1222,92.8182412506
1223,88.0944034026
1224,87.7441121088
1225,89.0943135829
1226,88.4017705712
1227,89.9319433951
1228,87.3707623912
1229,90.1991239251
1230,87.2670103842
1231,92.4761424150
1232,85.1702680081
1233,91.2434937811
1234,88.5438763995
1235,91.6432667388
1236,85.7430988423
1237,87.1153936353
1238,86.5268814522
1239,86.2407802222
1240,85.8546937980
1241,89.3853377720
1242,85.7312988085
1243,88.6799594569
1244,91.7224930172
1245,90.3078066629
1246,90.4019869844
1247,87.5872579870
1248,91.7061672087
1249,87.6417479375
1250,85.8194815587
1251,88.3813822704
1252,85.0239043223
1253,92.4760176147
1254,90.4880747641
1255,85.9883665307
1256,93.6564724996
1257,91.1050402801
1258,84.9863703622
1259,82.7376404077
1260,92.0273496471
1261,84.8757551006
1262,85.0532660051
1263,86.9895798535
1264,92.9382226968
1265,87.7092256717
1266,87.1672637643
1267,86.5804020140
1268,81.5410820758
1269,90.2461956387
1270,92.6696074726
1271,89.8918968924
1272,90.7564470633
1273,88.6992334178
1274,83.8338251489
1275,89.0484255663
1276,86.8245332497
1277,90.6379553580
1278,80.1023564637
1279,89.1477931278
1280,89.1442028679
1281,88.3006518843
1282,87.7238217409
1283,88.2890008745
1284,87.3058272044
1285,88.8628354164
1286,83.6930360519
1287,86.8058863034
1288,90.3677063697
1289,88.0846855264
1290,91.3239031593
1291,82.8209319952
1292,90.1413292311
1293,87.4215350741
1294,91.3756126224
1295,87.7169573273
1296,87.6938252197
1297,86.3815178407
1298,87.8970748139
1299,92.1435592435
1300,84.2692034147
1301,88.7536786838
1302,90.0889635740
1303,88.0097586381
1304,89.8822110990
1305,85.8530303613
1306,90.8455309574
1307,87.8274743103
1308,87.4146047666
1309,86.9387625482
1310,87.7029534957
1311,85.6904765135
1312,88.1227312950
1313,89.8180393532
1314,85.8223975145
1315,85.3857820548
1316,85.6158841554
1317,84.9654607851
1318,87.8347018607
1319,90.3296586336
1320,92.1756475157
1321,89.3353444032
1322,92.8093707151
1323,85.5404768552
1324,91.0284987588
1325,85.7427780394
1326,87.3863048628
1327,89.4260732776
1328,89.6287954992
1329,86.6898070631
1330,88.8529129923
1331,87.8928182910
1332,86.8020005603
1333,90.2505137275
1334,88.3103158412
1335,88.8315947840
1336,87.0336936965
1337,85.9689454675
1338,91.6540835957
1339,83.6289967347
1340,91.5685998491
1341,86.6459475634
1342,85.2179197444
1343,90.5418689368
1344,93.0210059169
1345,85.1749256510
1346,86.9184582447
1347,87.0822055318
1348,89.8747955622
1349,87.2368659620
1350,91.4615047226
1351,90.2250767695
1352,86.9725335034
1353,90.6725755137
1354,87.4223807032
1355,88.7500348090
1356,88.6497734774
1357,85.8310259111
1358,84.6733028001
1359,92.5046559140
1360,89.6876845952
1361,88.6864153000
1362,93.8958052707
1363,85.5075555993
1364,91.0244516948
1365,84.8348203656
1366,83.8914332538
1367,90.5613132575
1368,89.3884837880
1369,86.2794829678
1370,93.1261837387
1371,89.7881325150
1372,84.8757043412
1373,84.1984733280
1374,85.5652647538
1375,88.3527603535
1376,90.5471553003
1377,86.5304062301
1378,86.9182034205
1379,89.2138051320
1380,91.3120015431
1381,85.8527000497
1382,92.1007710243
1383,86.3472635000
1384,85.2058981570
1385,91.2464062666
1386,88.9065493656
1387,83.9523164644
1388,87.5713522077
1389,88.4803241750
1390,85.4005899216
1391,89.4158472228
1392,88.3620281233
1393,88.9377248325
1394,86.3891451907
1395,92.4424697903
1396,89.0355499950
1397,86.0483842540
1398,87.9814012032
1399,86.5708969469
1400,88.8082796240
1401,90.6193892942
1402,84.2722065165
1403,90.6759628326
1404,92.4018497984
1405,90.2896407408
1406,87.7987800053
1407,90.6968320309
1408,89.1592716689
1409,85.2435546599
1410,83.2309843989
1411,91.2492218709
1412,89.4888692655
1413,87.0165233377
1414,84.2662103537
1415,92.1350976288
1416,93.0680168083
1417,89.9179230417
1418,88.1109169984
1419,87.6540892784
1420,86.6343076975
1421,89.7010774144
1422,86.3179154000
1423,90.0427055772
1424,85.8424847211
1425,87.7482459320
1426,85.4676810994
1427,89.3333171404
1428,89.7561014819
1429,86.4566980265
1430,90.2189110519
1431,91.2963047308
1432,84.9141151176
1433,86.1304189732
1434,86.9405937543
1435,85.8744477745
1436,88.4811154430
1437,89.5114710900
1438,92.2863058834
1439,91.9389606641
1440,91.3727642861
1441,91.3463055172
1442,88.4056207088
1443,87.5698887531
1444,94.4667998223
1445,89.8530258232
1446,87.9511430056
1447,90.6469285166
1448,84.8273655705
1449,86.4836091340
1450,82.9321743816
1451,88.1632564295
1452,86.8532389425
1453,88.9203576147
1454,91.1302747504
1455,87.6698906042
1456,84.9719095802
1457,87.5891468170
1458,90.1487359294
1459,84.7288882310
1460,91.2533270877
1461,86.3303883185
1462,85.3044426876
1463,89.4715266698
1464,88.3892404109
1465,88.0499931640
1466,89.6372312775
1467,83.7876631392
1468,82.4365954620
1469,86.3858188493
1470,91.5602393965
1471,87.1785118856
1472,90.2303148202
1473,93.7140244649
1474,92.9098173778
1475,85.4492984604
1476,85.8358785496
1477,88.4941796893
1478,84.3671418470
1479,90.0846758416
1480,88.3351269951
1481,89.3677323276
1482,92.8966420523
1483,86.3311394282
1484,88.4471775744
1485,83.7403168029
1486,88.2132442209
1487,90.2548803248
1488,90.8181457915
1489,94.6039375571
1490,92.9880178368
1491,86.3369114862
1492,89.2856118672
1493,87.4812004991
1494,87.9401428057
1495,86.0391706847
1496,94.2225789090
1497,87.7885793668
1498,84.7442045026
1499,86.0050587360
1500,84.0209432876
1501,87.4232103675
1502,84.7370999144
1503,88.3215736166
1504,85.5286949937
1505,85.5093773476
1506,88.3344499250
1507,88.5757717349
1508,87.7299253907
1509,93.9466095046
1510,90.1096014887
1511,83.8398145732
1512,86.6474487873
1513,87.0343772848
1514,87.4908230854
1515,89.0103217785
1516,82.9953041764
1517,90.2634933366
1518,90.7769377785
1519,89.2429149364
1520,83.2037902325
1521,89.3226327163
1522,88.7777994218
1523,88.1923542411
1524,90.6047957238
1525,91.3837905711
1526,81.8100351887
1527,86.0456405043
1528,85.9235750228
1529,90.5714729667
1530,88.8379697716
1531,87.7279918586
1532,87.6243017919
1533,91.3601853860
1534,87.3099176322
1535,88.1220196028
1536,88.2867676588
1537,90.4278664796
1538,92.6786929170
1539,90.6449158186
1540,88.2543771812
1541,90.3423020785
1542,90.0748424725
1543,86.1988203668
1544,88.1869882261
1545,86.5626707098
1546,93.3395252935
1547,88.9136040961
1548,91.1422543556
1549,87.8225453351
1550,89.4045381811
1551,87.0936744394
1552,87.8347513082
1553,93.5557211718
1554,83.8965703527
1555,87.0343123969
1556,89.0066104855
1557,87.7256225210
1558,91.1254396056
1559,84.2931429689
1560,83.4245877482
1561,84.4098223548
1562,88.6391743400
1563,91.0609404324
1564,87.6971467447
1565,90.2081582795
1566,86.2348089211
1567,90.7255655268
1568,87.7480700527
1569,86.9446257267
1570,93.2560085038
1571,83.8964313163
1572,91.3406108731
1573,85.4152221315
1574,85.8582144079
1575,84.3163822550
1576,92.2742964473
1577,88.4121045214
1578,89.3065072614
1579,85.9056125120
1580,86.1878494457
1581,86.1691704843
1582,85.3773039553
1583,92.7891625418
1584,85.2256392931
1585,86.4076567855
1586,89.1016965472
1587,86.0418660276
1588,93.4235171932
1589,90.1312761603
1590,93.2228282119
1591,87.3624840155
1592,86.5399321701
1593,80.9460046023
1594,84.7473911048
1595,90.9546381121
1596,88.7224704597
1597,88.0144613763
1598,89.7644467713
1599,87.8884887559
1600,81.8538666221
1601,85.0022070415
1602,84.9800688667
1603,89.1910545267
1604,90.8495759523
1605,87.8399789717
1606,90.0498452657
1607,88.5761988161
1608,87.4701056228
1609,88.4606833025
1610,86.7777044575
1611,87.9109629408
1612,87.5143993248
1613,88.6925948793
1614,88.2019217132
1615,90.4889509529
1616,88.6442701750
1617,89.3638613641
1618,89.6429954471
1619,89.2378669945
1620,90.2752840743
1621,87.0754510978
1622,87.9701258082
1623,88.8617956509
1624,84.3570437983
1625,86.3281059810
1626,81.3757683516
1627,87.1787238389
1628,87.1899919274
1629,87.0483078826
1630,87.2687617760
1631,89.1046978658
1632,82.6490733638
1633,83.2397419383
1634,85.5489619565
1635,88.8767813264
1636,85.7332212236
1637,87.2004046393
1638,92.2206954330
1639,89.3539236823
1640,87.0734588942
1641,86.8826843458
1642,85.4902992260
1643,82.8276825275
1644,85.6117382649
1645,84.6907909353
1646,91.2185566646
1647,89.3517579679
1648,87.6712971607
1649,79.3543146768
1650,91.8892648301
1651,88.9857522442
1652,91.9728763443
1653,86.5087463259
1654,88.8751328930
1655,87.5402778784
1656,83.7212303871
1657,90.7417020212
1658,86.2767510216
1659,82.7006971025
1660,89.2484730426
1661,85.3683899732
1662,86.0868832134
1663,90.9284014671
1664,80.4257156961
1665,89.7479837153
1666,88.2580233467
1667,84.1729928549
1668,90.3574225574
1669,87.5705506792
1670,90.1136111175
1671,85.5298522742
1672,89.1514566613
1673,86.1620849527
1674,88.0106647316
1675,87.3390079617
1676,87.5749691804
1677,82.1766111717
1678,87.5189830893
1679,87.4510877537
1680,86.1274076045
1681,83.0287448281
1682,92.1703630631
1683,83.8900918751
1684,89.5891132542
1685,87.1354771670
1686,85.9564179289
1687,92.3335885425
1688,89.3969787870
1689,87.6934723599
1690,92.3854928790
1691,87.3848362782
1692,84.2797073311
1693,88.0838730726
1694,87.5975883813
1695,82.4656041067
1696,88.6137928301
1697,88.8177305185
1698,87.3682405471
1699,92.4505872573
1700,89.8680280495
1701,84.1715110158
1702,87.6275442207
1703,85.3146671485
1704,85.2429165155
1705,84.1578005277
1706,88.2107337109
1707,88.5635476231
1708,92.4709413368
1709,87.1182240238
1710,89.0306113494
1711,85.5952980199
1712,86.3097731484
1713,87.4033182762
1714,84.1627767909
1715,86.0713541634
1716,90.8173098218
1717,81.5040508332
1718,87.5731078145
1719,86.9301554274
1720,87.1224741694
1721,89.6440393644
1722,88.7410758330
1723,86.4408728593
1724,86.9323125378
1725,84.3446765255
1726,90.2901080838
1727,93.5275539687
1728,89.3717791831
1729,94.1811214712
1730,86.3226390546
1731,84.0941238301
1732,86.9387922978
1733,86.6500563619
1734,86.7546547814
1735,87.6585424903
1736,88.6573293153
1737,85.6765334352
1738,88.6016001700
1739,86.5610350396
1740,89.7930123120
1741,86.2020518807
1742,87.5745808074
1743,83.8723398153
1744,86.4199811749
1745,90.7265303924
1746,86.2677915557
1747,87.5133190264
1748,83.6275736337
1749,82.7803073336
1750,89.9534719036
1751,88.8437883273
1752,93.9436181563
1753,86.7855051183
1754,89.8844007508
1755,87.7805124301
1756,83.1998474029
1757,86.0475679496
1758,88.7505524022
1759,84.3198461179
1760,85.9901337348
1761,91.4336775104
1762,85.3338496355
1763,91.4942958712
1764,86.2431396595
1765,87.5890106135
1766,85.3219102239
1767,89.2867210894
1768,89.9467055777
1769,87.3260180636
1770,85.5122133288
1771,85.9910008490
1772,85.3574248002
1773,88.5312216630
1774,84.2538976055
1775,89.1552858015
1776,84.9722103410
1777,89.9679622766
1778,89.1697353613
1779,88.1526364596
1780,88.2084800908
1781,86.8197162172
1782,87.0622720271
1783,86.9314075720
1784,83.8141201551
1785,83.2150517145
1786,88.5500778895
1787,87.4045269622
1788,88.1425963084
1789,85.1956859504
1790,86.7973159186
1791,92.7157979570
1792,87.1113118403
1793,86.4288127464
1794,85.5381362080
1795,89.8589517217
1796,88.6345926592
1797,89.6336020485
1798,90.4398259275
1799,88.4747967263
1800,87.1897919104
1801,88.5328766505
1802,88.1421130894
1803,92.8865750484
1804,89.7095977523
1805,83.9262460858
1806,87.2399910892
1807,84.6701488354
1808,91.6630740553
1809,80.9613704155
1810,85.3088211668
1811,86.1128011667
1812,86.1086830914
1813,91.1237042986
1814,87.4487375576
1815,84.1453063013
1816,87.4335431352
1817,85.1836551238
1818,86.1532041504
1819,89.4076459134
1820,89.0181019174
1821,90.6229463118
1822,88.4846533937
1823,92.4762060826
1824,91.8753429939
1825,88.5225987622
1826,83.9241104158
1827,83.7054344819
1828,88.8363412261
1829,84.0676982535
1830,88.5687322920
1831,88.9189405808
1832,91.3971803850
1833,90.0906842275
1834,89.8065761384
1835,87.0514840341
1836,90.4340019663
1837,89.2629469271
1838,87.7997863148
1839,86.2580679310
1840,87.2549390530
1841,91.2839570434
1842,87.2575298984
1843,91.3262444896
1844,87.8766943105
1845,88.1876881771
1846,83.5841119923
1847,89.9234048480
1848,88.1458422103
1849,85.3467597926
1850,90.6853240529
1851,88.8808457901
1852,84.3259187888
1853,89.2456576949
1854,86.8894053852
1855,87.8267744499
1856,85.8626460341
1857,89.2428764659
1858,85.6643088278
1859,85.5241171476
1860,90.2520113682
1861,86.3220659026
1862,84.6879060737
1863,83.8587671741
1864,90.9313772928
1865,89.7623326162
1866,83.4288523782
1867,89.9854812177
1868,84.2447822428
1869,89.3169331575
1870,88.0787668879
1871,88.1238742094
1872,86.3049113547
1873,92.4895069779
1874,89.0216101993
1875,89.6190697351
1876,87.2685890879
1877,84.9111648136
1878,86.2204836871
1879,86.5509277696
1880,86.8672197097
1881,86.8598180146
1882,91.6707600932
1883,86.5989553716
1884,88.1930398552
1885,87.5904845461
1886,91.4019487865
1887,84.5047381257
1888,89.4672045250
1889,87.6141870003
1890,88.3644302212
1891,84.5122677717
1892,87.9313420350
1893,91.1937267245
1894,91.4897303140
1895,89.9247212401
1896,83.3354463815
1897,90.1108422572
1898,90.8736977617
1899,87.0236923644
1900,87.8397074536
1901,91.2384592983
1902,87.9011432087
1903,89.7510411603
1904,92.9607477499
1905,90.4549850219
1906,86.3585423449
1907,88.1076862300
1908,86.9435891754
1909,89.4894498747
1910,86.3989468353
1911,89.3994071366
1912,89.3251659355
1913,85.9488969498
1914,88.5622234829
1915,87.8366627275
1916,88.4872749694
1917,84.0808810413
1918,88.7062421775
1919,85.9837249780
1920,90.3466256045
1921,86.9012319536
1922,91.9804694304
1923,88.2403701497
1924,89.4497557558
1925,85.9805341904
1926,89.5702211692
1927,91.5937228618
1928,89.2099024856
1929,84.3221040804
1930,93.0123253866
1931,84.3587269077
1932,81.7492645949
1933,86.9541105289
1934,86.4873167471
1935,87.1754606918
1936,87.4212369450
1937,87.3059414807
1938,89.8616441262
1939,85.1228452180
1940,89.9447715420
1941,85.9474190666
1942,86.2802983416
1943,87.0765239038
1944,82.2224694968
1945,83.8717752274
1946,85.2071024310
1947,93.4353559960
1948,87.4279662462
1949,85.2114949965
1950,89.7639977386
1951,88.7248151772
1952,85.0412715197
1953,92.9412634806
1954,86.1025505383
1955,82.1271344302
1956,89.6171235841
1957,83.5491169100
1958,87.1451297077
1959,81.8115370250
1960,89.4092377162
1961,89.3945612043
1962,86.5253893882
1963,89.0687009501
1964,86.2776601561
1965,85.6949829860
1966,86.7071467677
1967,88.4388517841
1968,85.3081045195
1969,87.6167733401
1970,83.4201854859
1971,89.0260156956
1972,84.3547900402
1973,83.0660906463
1974,83.9573785313
1975,87.7490877738
1976,86.5222906202
1977,81.2893687104
1978,86.2429342204
1979,90.6088784185
1980,88.6542643920
1981,85.7256541004
1982,85.1090601019
1983,88.7071781691
1984,88.4348249496
1985,90.3263450857
1986,86.8804691398
1987,86.3501506652
1988,91.8421493908
1989,90.2518323517
1990,87.1236792004
1991,84.3738114456
1992,88.1946469894
1993,88.1727302027
1994,91.3771213277
1995,85.6372188213
1996,86.9085963756
1997,88.7970243907
1998,84.5001683483
1999,82.0700318819
2000,88.1530109862
2001,91.9679815304
2002,82.6141854969
2003,87.1631262056
2004,87.4750981791
2005,86.2450576674
2006,86.0201077486
2007,89.5416633564
2008,88.6086065316
2009,87.6405147280
2010,87.5994799407
2011,93.2594425665
2012,87.5130601249
2013,86.3003653418
2014,85.7849124058
2015,92.0501184659
2016,91.7643288206
2017,87.0760864036
2018,89.2868257519
2019,88.5403156089
2020,86.7940726880
2021,85.4951524680
2022,95.8280965233
2023,93.7839649953
2024,89.2987726154
2025,84.1069296394
2026,85.6486778215
2027,89.1529985589
2028,83.1503655200
2029,86.4263758369
2030,90.4219609660
2031,89.1538699692
2032,89.1875340498
2033,88.5284108926
2034,85.3370436021
2035,84.1652183529
2036,91.2880436033
2037,87.9372166241
2038,85.8672097199
2039,82.8896876563
2040,86.8408406932
2041,88.0725952091
2042,93.7478611209
2043,87.4600463814
2044,86.1676791303
2045,92.4063260682
2046,89.4754701661
2047,84.9823938272
2048,87.6961106344
2049,84.9907614811
2050,88.6625129661
2051,86.9467056270
2052,85.0793227116
2053,87.4569928242
2054,87.3692140059
2055,87.5972816795
2056,83.3716969402
2057,88.6955474290
2058,85.3769253502
2059,84.9108535568
2060,80.5581845022
2061,82.7624798021
2062,93.4806455756
2063,90.5015425650
2064,86.7705705082
2065,91.8943555295
2066,89.3961788562
2067,89.0422800159
2068,86.0218609577
2069,87.0134374972
2070,87.1914341275
2071,88.0400809892
2072,89.0453700308
2073,90.9618053293
2074,88.5831479482
2075,90.8920619216
2076,90.4992236658
2077,86.7986525577
2078,85.6060503241
2079,86.1528424196
2080,82.9382670851
2081,90.7057787334
2082,86.0563756319
2083,91.4648338059
2084,85.7748339224
2085,85.9890538670
2086,87.8402116773
2087,87.6623809502
2088,89.6467239962
2089,89.6060505393
2090,84.9664835106
2091,87.5025840517
2092,91.5646265997
2093,84.1402432902
2094,90.2110290986
2095,89.6138622677
2096,91.4638427146
2097,90.4974928756
2098,90.4880516051
2099,85.9667853128
2100,89.9929354042
2101,86.5697823678
2102,88.6718995178
2103,86.8255708742
2104,86.3111747502
2105,89.6613128593
2106,86.5151706098
2107,88.4726375021
2108,91.6201445403
2109,88.0549194521
2110,87.6376618144
2111,89.6614001906
2112,85.0608682050
2113,93.4453474360
2114,86.6825671183
2115,88.4469358373
2116,94.0504834537
2117,84.6625601461
2118,85.8048701789
2119,90.0334049458
2120,86.9377847359
2121,87.6424053835
2122,83.4713245470
2123,89.9971525703
2124,86.8199914347
2125,88.2840331314
2126,86.8665691270
2127,88.3380410094
2128,87.5339235211
2129,89.0372697897
2130,85.4909989134
2131,90.4471801063
2132,90.1440272157
2133,85.9650424736
2134,86.4621696732
2135,86.2673100950
2136,89.2236886561
2137,85.9631340412
2138,90.0300872598
2139,88.8844728698
2140,90.8148480404
2141,89.2561243534
2142,89.8277689745
2143,85.6107741744
2144,83.3941825606
2145,90.7551159330
2146,87.2565890339
2147,92.5142677823
2148,82.7721195298
2149,89.7125322275
2150,86.7300011937
2151,88.0301499291
2152,89.6090090900
2153,86.3339407971
2154,87.2877623146
2155,92.6394748082
2156,87.7823975935
2157,85.2002480014
2158,88.7628129288
2159,88.9346209972
2160,90.3419606065
2161,91.3234762694
2162,95.5850319701
2163,86.9519567889
2164,91.1065463980
2165,90.7855493265
2166,89.1712209718
2167,82.2829112672
2168,90.9683563874
2169,87.3070468437
2170,84.3633659688
2171,89.8753964881
2172,92.2536512595
2173,89.7949712958
2174,91.8571862261
2175,87.6638064227
2176,88.5157731799
2177,86.5753122618
2178,95.0112870439
2179,87.4129767093
2180,92.6475425671
2181,87.7119713623
2182,84.5979752942
2183,88.9929274271
2184,88.9144012364
2185,91.0904528005
2186,90.3488890166
2187,88.1892493588
2188,89.0184894055
2189,84.9479884744
2190,88.7646529956
2191,85.2872581156
2192,89.9057067883
2193,81.8223583979
2194,90.0774698800
2195,82.0669080724
2196,91.9225902086
2197,88.6595406210
2198,91.3386467187
2199,90.3317951518
2200,90.6028958690
2201,88.2200456765
2202,87.5942254849
2203,86.7597594714
2204,95.3909600153
2205,92.5853417646
2206,90.2017798654
2207,92.7158493496
2208,91.9550504019
2209,87.6447048895
2210,80.8756863101
2211,85.3180613436
2212,89.8237480718
2213,83.9868495078
2214,82.4563638473
2215,89.9345542128
2216,88.1999107927
2217,91.1774135606
2218,89.0862041719
2219,91.8580582437
2220,86.7549503433
2221,89.9308469696
2222,88.9435492120
2223,90.3609751258
2224,83.7055973247
2225,86.1652138527
2226,85.3907951665
2227,86.3343942204
2228,88.5917004416
2229,83.7706815635
2230,87.7065757727
2231,89.5236297277
2232,88.9970948558
2233,89.8063503128
2234,85.2654172941
2235,89.7467863590
2236,84.3987100149
2237,82.5616116734
2238,85.7690334706
2239,82.1074660227
2240,84.3111858040
2241,93.1087331331
2242,92.2031768005
2243,91.8159001560
2244,85.2151399284
2245,90.0258828318
2246,86.5286416238
2247,88.8551605410
2248,83.6390290839
2249,85.8316665801
2250,87.9068687598
2251,86.6582158879
2252,86.0722342822
2253,81.0933409476
2254,91.7667479373
2255,89.9661729470
2256,89.4383731398
2257,89.3009763776
2258,89.7558116150
2259,87.8104223768
2260,88.0535587724
2261,87.1242459443
2262,92.9083441352
2263,87.7899738540
2264,83.2830969682
2265,88.1733314862
2266,88.7800243045
2267,86.8120302943
2268,85.6399802118
2269,87.2913969405
2270,92.0589761360
2271,90.3236467761
2272,92.1053373023
2273,82.7752882406
2274,89.8553003259
2275,86.0013889507
2276,88.9701970473
2277,83.5868279952
2278,87.7263121075
2279,90.3499879720
2280,90.9686734874
2281,82.7852128228
2282,84.0865244592
2283,86.4450411596
2284,87.4203985628
2285,82.6238634042
2286,86.3159978354
2287,91.1806759776
2288,87.4617890535
2289,92.3078202405
2290,86.9030390198
2291,84.8007079750
2292,85.9242681063
2293,90.1668782391
2294,90.7435185162
2295,85.9493735189
2296,93.2971952113
2297,90.4974859748
2298,87.9948474951
2299,83.5118238206
2300,91.1369172657
2301,90.4495532820
2302,85.9720896660
2303,87.5830149163
2304,87.5618822506
2305,85.6687585550
2306,87.4300087462
2307,91.3074383008
2308,86.1689323851
2309,86.9872239468
2310,86.5731110375
2311,84.3169154159
2312,84.6706177645
2313,89.6809109588
2314,88.8571797096
2315,83.9269616857
2316,84.3340183611
2317,85.1543584839
2318,88.4381917616
2319,88.5820067946
2320,83.8050800740
2321,87.0367421111
2322,90.3759184680
2323,86.0654259085
2324,82.7951324876
2325,85.0470678369
2326,83.2398024267
2327,93.7586440643
2328,89.6797115668
2329,90.5745972278
2330,89.3818007982
2331,89.3019182335
2332,93.3363917195
2333,91.6224142793
2334,91.4879708335
2335,86.4054020233
2336,90.2747247686
2337,84.7666993649
2338,86.2013994502
2339,91.8584943054
2340,90.3820757184
2341,91.4220413513
2342,90.7787187472
2343,85.6296165143
2344,90.9322011036
2345,91.3668332838
2346,82.3676013107
2347,86.8950350050
2348,92.3977100691
2349,86.2642948348
2350,89.0047900801
2351,89.4316918818
2352,83.1654688515
2353,92.1744354652
2354,92.2588614370
2355,87.9886701935
2356,89.2265596429
2357,83.8638487391
2358,86.8800871707
2359,90.5856078614
2360,87.0774362844
2361,88.8463439204
2362,92.1660529796
2363,84.0010356938
2364,87.5202960557
2365,85.3319468886
2366,85.1280773839
2367,90.6579294991
2368,87.5403005098
2369,88.3263242983
2370,86.4653709970
2371,84.6881374663
2372,87.3052261530
2373,88.6136679507
2374,87.3387071537
2375,89.6858335574
2376,84.7525571683
2377,84.0772056596
2378,84.5044968749
2379,84.5262163622
2380,86.1593757244
2381,88.7431947378
2382,83.9050328053
2383,88.5425928013
2384,92.2555944736
2385,88.1946876353
2386,87.0408554382
2387,87.6689024669
2388,84.0597179381
2389,85.1753684344
2390,85.5754295729
2391,86.0608090273
2392,88.1877991783
2393,86.5183492043
2394,86.6279067093
2395,92.4270716047
2396,88.6038455091
2397,83.9159220474
2398,88.8385336950
2399,86.8534185828
2400,87.0249956688
2401,88.8284417691
2402,88.0860768799
2403,83.4511330195
2404,87.4917920574
2405,89.9373396610
2406,89.7073886010
2407,84.5922025883
2408,92.0161131664
2409,93.0062048497
2410,91.3085854574
2411,86.9637872968
2412,87.1094446498
2413,83.5631575430
2414,86.4364416517
2415,84.8219619203
2416,87.1659796092
2417,90.1817177096
2418,89.6908606956
2419,91.9500756192
2420,92.1541815568
2421,83.5134525421
2422,81.8309405069
2423,89.4269180689
2424,90.3815449835
2425,89.7509019531
2426,86.7344061871
2427,90.1766098800
2428,85.6147288992
2429,83.8744122843
2430,84.6226068701
2431,86.6200794311
2432,85.6547070417
2433,90.4196448984
2434,91.3490259396
2435,94.6959115369
2436,89.4627562658
2437,87.2790678473
2438,89.6361187223
2439,87.9769136460
2440,86.7035018117
2441,84.9030086395
2442,92.7602644409
2443,87.0174368809
2444,87.7539376463
2445,88.8645203150
2446,87.5736195910
2447,86.4197521250
2448,82.9415925419
2449,91.4322276092
2450,89.7304614280
2451,87.8666447332
2452,87.1318584376
2453,87.9503696678
2454,86.0767311463
2455,87.3595826671
2456,84.1923264124
2457,83.0649394072
2458,82.3552727253
2459,92.0088255412
2460,87.0704489131
2461,89.6886993174
2462,87.5894350414
2463,87.0034163186
2464,87.4467343639
2465,87.0903281394
2466,91.3329140177
2467,85.4941763846
2468,89.0441342138
2469,85.7389274600
2470,92.9792013041
2471,88.0604515037
2472,91.2306071718
2473,85.5798681652
2474,89.6196858513
2475,89.1762021083
2476,87.9089627875
2477,84.4967693825
2478,89.7701799453
2479,84.9456172454
2480,91.9904051705
2481,85.6741622847
2482,91.9214552815
2483,88.6044228870
2484,89.8882047635
2485,86.3113248408
2486,87.5701988321
2487,85.7561747067
2488,89.1823116854
2489,83.1302532031
2490,84.8139617622
2491,84.5912896884
2492,88.4386755995
2493,88.1659369978
2494,85.2610978913
2495,92.2435745830
2496,87.5203898437
2497,87.6107653376
2498,84.2600977568
2499,89.5906253080
2500,81.7893122584
2501,88.8882974644
2502,91.2523156810
2503,87.0756340718
2504,90.4334982145
2505,83.7206551237
2506,84.2626930878
2507,92.7146810706
2508,87.4890938386
2509,86.9725991242
2510,86.2900481973
2511,89.3524386268
2512,93.5689925479
2513,83.7216477980
2514,87.9954353530
2515,87.3296656827
2516,86.1840123882
2517,88.0866492805
2518,86.3630912777
2519,87.1545825222
2520,91.7515646742
2521,91.4167078927
2522,92.2075706081
2523,85.2814736468
2524,89.1554750437
2525,86.3716732886
2526,88.6099630782
2527,88.2223583203
2528,86.4844480736
2529,86.4986507874
2530,89.6589513003
2531,89.9455217338
2532,87.2418203779
2533,86.4635095971
2534,83.7500109205
2535,83.8056552716
2536,86.5716403670
2537,87.3075327783
2538,89.9576890155
2539,92.7498699640
2540,86.6142227377
2541,90.8825065747
2542,90.9885737541
2543,88.4283253567
2544,88.7612414461
2545,87.4747541392
2546,86.2566683635
2547,92.3706476502
2548,88.9641091871
2549,85.5667132389
2550,84.0360512823
2551,90.9989982228
2552,90.6705564055
2553,86.6618815907
2554,91.6598975803
2555,90.2759520589
2556,89.4180211243
2557,82.7831855878
2558,88.3066500896
2559,85.1491874306
2560,87.7566942419
2561,88.1228033705
2562,84.6239917746
2563,86.4420573599
2564,85.3596914521
2565,88.9447160281
2566,87.5920355170
2567,91.1322997975
2568,83.2647544040
2569,88.3657368579
2570,88.8998545262
2571,83.9127165934
2572,90.9549858741
2573,85.2780411789
2574,88.6344820357
2575,88.6843095337
2576,88.7806865688
2577,88.0314704161
2578,85.7466517177
2579,91.7475746734
2580,89.2670575441
2581,83.9858905227
2582,92.6657430529
2583,85.9358583042
2584,92.4259799745
2585,82.2316109885
2586,89.0509382456
2587,89.2085634956
2588,85.7049839076
2589,87.1663950053
2590,87.7435205331
2591,85.6375843972
2592,87.8424461098
2593,84.4208856286
2594,89.0461300202
2595,91.2212746909
2596,86.1039896166
2597,87.6396869885
2598,88.6054206179
2599,89.0426104970
2600,83.6403236337
2601,91.6292558294
2602,87.7031651517
2603,86.7330099497
2604,81.4289192666
2605,93.2014229334
2606,86.6128945403
2607,83.1763831985
2608,90.3877651331
2609,83.9974664472
2610,83.1956339608
2611,89.5229906315
2612,92.4922566876
2613,84.2944679503
2614,87.6393419873
2615,85.3918935867
2616,90.8490980487
2617,89.1957337318
2618,86.4699054925
2619,89.2539910335
2620,92.4820302977
2621,85.6107389036
2622,86.0198685638
2623,87.4246933491
2624,85.3668829066
2625,86.2684933026
2626,89.9004020615
2627,87.2141120872
2628,91.3818235195
2629,85.5689784634
2630,88.6952643443
2631,86.5023049224
2632,88.8281051294
2633,87.8193019876
2634,89.7789417800
2635,89.2314757806
2636,87.6134864933
2637,87.6634192857
2638,90.7197771919
2639,84.5752070197
2640,89.6933882591
2641,87.9302927121
2642,90.1830448281
2643,91.2602290272
2644,92.6325248309
2645,84.9102906649
2646,86.4227832511
2647,90.5996029887
2648,87.6519567658
2649,88.8730825292
2650,90.7583337764
2651,85.7200281515
2652,83.0657404282
2653,85.3897750463
2654,85.1096923042
2655,90.7121456872
2656,92.5385512024
2657,90.0572878605
2658,84.5230389673
2659,88.6329709378
2660,83.5628437956
2661,92.0813744271
2662,89.7906468107
2663,86.2448999549
2664,87.2269159907
2665,86.5163101442
2666,84.8625266487
2667,88.2256569265
2668,89.3625117648
2669,89.0830464517
2670,86.0172630695
2671,86.4096281706
2672,86.7749078228
2673,84.5794654114
2674,87.3090715226
2675,89.5392867866
2676,86.3149084738
2677,87.0468816184
2678,85.4755948448
2679,90.9435561360
2680,89.4413606767
2681,87.7707519002
2682,85.9681819693
2683,90.1300488837
2684,87.5864994113
2685,85.7131625910
2686,87.2938284986
2687,86.8529957862
2688,92.5167309699
2689,88.0407133002
2690,86.0808234845
2691,90.6464459312
2692,92.0030260928
2693,84.0120538794
2694,91.0905550425
2695,89.8153177317
2696,90.0738739786
2697,83.3563405782
2698,87.5039708665
2699,89.5418025468
2700,90.8160230849
2701,93.4216240809
2702,89.0747913492
2703,87.6559659251
2704,87.3702462187
2705,90.9664044582
2706,88.5153411848
2707,89.2517022864
2708,89.4172086263
2709,88.0165322950
2710,87.2941292667
2711,93.1888483035
2712,87.5900312242
2713,87.8734843733
2714,88.7315176270
2715,86.1036013324
2716,85.9339420704
2717,92.2119690519
2718,89.0442192920
2719,90.3856258430
2720,88.1598092820
2721,87.6287176328
2722,85.3430867193
2723,87.2264079946
2724,89.3332838951
2725,86.6011488055
2726,83.9794627076
2727,85.2041997463
2728,83.7825673759
2729,87.3396652655
2730,88.0201885137
2731,92.4432048360
2732,87.4473837184
2733,87.9490105127
2734,82.2654249905
2735,86.3995169053
2736,88.2344012472
2737,93.1907436414
2738,86.7622630337
2739,84.5095247937
2740,83.0526453009
2741,84.1487501261
2742,86.0877621590
2743,89.0867300491
2744,83.6897240116
2745,83.5173799192
2746,86.5915506700
2747,92.9875359835
2748,88.2236532497
2749,93.0905657482
2750,91.8349661024
2751,89.2416104749
2752,88.6793655037
2753,81.9117061675
2754,86.7326232349
2755,90.0712708116
2756,82.7487995944
2757,85.9631161341
2758,87.8638132683
2759,88.4279400931
2760,91.3902316364
2761,89.0162218639
2762,87.9051493078
2763,87.2690718986
2764,86.4681440363
2765,89.8013182059
2766,89.0580158110
2767,84.1564509187
2768,88.9791025296
2769,85.4946150500
2770,90.2487848359
2771,85.2748444147
2772,89.6697630664
2773,91.8880577405
2774,85.8952249075
2775,94.1869648805
2776,86.7535711504
2777,90.4288746038
2778,85.9487551901
2779,90.0282166910
2780,87.0986932490
2781,86.2283543133
2782,84.8228014087
2783,88.6020971180
2784,85.0432246702
2785,89.5678544257
2786,90.1345254946
2787,85.9062170292
2788,84.9791502976
2789,88.0859633135
2790,86.3707755286
2791,85.8480258175
2792,86.4327827301
2793,87.8877517477
2794,85.5963120261
2795,85.2906320115
2796,87.0018914542
2797,85.7382314599
2798,88.5076069459
2799,85.4248513071
2800,87.2256617312
2801,85.3213509945
2802,88.0919015807
2803,88.6420158577
2804,88.1128915966
2805,89.3272074142
2806,85.6528901083
2807,86.0859369658
2808,90.6919862875
2809,89.4623976211
2810,87.4232170143
2811,85.8526758621
2812,81.6536106101
2813,90.4617197067
2814,88.0683270445
2815,88.5135613752
2816,87.6537047804
2817,88.6969832586
2818,86.6247378505
2819,89.1441255817
2820,88.4973908212
2821,85.2183300533
2822,85.4643679345
2823,90.0849921471
2824,90.2255244333
2825,89.8269740790
2826,85.2895126950
2827,86.1755075525
2828,87.3950514094
2829,90.8372496912
2830,83.1419980342
2831,89.5374021885
2832,86.4875826052
2833,86.7650673775
2834,87.2747526624
2835,88.0023114013
2836,87.8593222707
2837,87.8215653775
2838,86.3000035033
2839,89.0529371850
2840,82.7075929199
2841,86.8192986294
2842,84.0148783533
2843,94.2467575679
2844,91.0717516168
2845,87.6845079464
2846,85.7009747273
2847,85.1354918893
2848,85.9108171872
2849,87.7890064102
2850,87.2549268568
2851,89.1963461586
2852,83.9702574351
2853,88.9827507405
2854,84.2609753022
2855,87.3063689002
2856,83.6098914664
2857,88.0982195049
2858,88.5604793274
2859,82.0937866579
2860,91.6673492452
2861,91.9129977070
2862,85.2752730150
2863,85.0307385577
2864,85.9000218638
2865,91.6496686984
2866,91.1605529058
2867,89.7215023016
2868,89.7330638620
2869,86.3884434744
2870,83.7828073449
2871,86.3341189883
2872,86.4986630919
2873,89.3829759272
2874,93.5431436505
2875,88.1986781014
2876,85.4469911605
2877,88.2069793072
2878,89.2860089905
2879,84.8292559442
2880,85.3515918212
2881,85.3976033231
2882,84.6857005958
2883,87.9105417299
2884,86.5112707805
2885,90.0018804763
2886,84.2936106589
2887,90.4088701342
2888,93.0110849507
2889,89.2081650092
2890,84.3205161364
2891,91.6956817929
2892,85.1510881665
2893,84.6590614927
2894,87.5096362498
2895,84.8191215518
2896,87.8292264501
2897,89.9267293242
2898,89.4434390617
2899,85.0421655320
2900,84.1679971003
2901,87.3665678413
2902,88.5124608003
2903,90.5273247297
2904,81.7050027107
2905,88.6136456751
2906,84.2507995316
2907,86.3859277729
2908,87.6230257707
2909,83.8265717337
2910,85.8653550121
2911,90.5612395774
2912,92.5956568147
2913,85.4389644815
2914,88.5561411982
2915,90.6715951012
2916,87.1958722422
2917,83.8354947246
2918,85.5498756780
2919,88.4369774459
2920,88.3179393416
2921,87.1160103863
2922,88.4558011546
2923,90.6839116258
2924,89.4717988141
2925,85.1734275303
2926,87.8551722180
2927,90.0774959695
2928,84.1600280299
2929,89.7802796825
2930,86.5263003984
2931,88.2873192080
2932,89.6560338773
2933,87.8199005909
2934,87.2653054333
2935,89.9584957055
2936,85.8012046527
2937,89.0028177938
2938,91.5461974790
2939,85.8246633911
2940,87.3739822381
2941,88.5541791582
2942,90.3215376465
2943,89.2507036715
2944,83.1693242107
2945,84.4259521572
2946,87.5593173784
2947,90.5296712877
2948,88.9560157767
2949,84.0034381185
2950,89.6600168065
2951,85.4538701512
2952,89.0674891339
2953,84.8288341698
2954,94.2238588607
2955,89.6251509008
2956,90.4409940572
2957,84.9252952413
2958,89.3226015341
2959,86.8190936866
2960,86.3438491851
2961,90.2540534440
2962,86.0096038968
2963,82.5659522483
2964,91.1326182583
2965,87.4491263566
2966,92.0274037219
2967,88.0642959358
2968,85.6687321753
2969,94.1003301759
2970,87.7623283624
2971,90.2534218050
2972,83.9003948921
2973,90.2038160091
2974,87.7450134192
2975,89.1475711918
2976,87.4969599332
2977,84.0678093855
2978,87.8921267532
2979,86.7360438500
2980,88.3014000525
2981,90.6946987608
2982,86.8922379375
2983,83.2394092848
2984,89.9437864762
2985,88.8994215080
2986,86.9877129890
2987,88.2052997099
2988,87.3296037242
2989,85.2309446512
2990,84.8038439724
2991,90.5777328541
2992,90.4312981612
2993,89.5831672551
2994,83.7993472518
2995,89.6653180685
2996,86.8481462082
2997,89.3342426830
2998,89.5254744111
2999,90.0488251154
3000,89.3732882939
3001,89.9016204165
3002,84.2713694509
3003,88.3320437211
3004,84.8829169805
3005,91.7370708380
3006,86.8724333711
3007,86.3643500293
3008,87.1381607536
3009,89.4409861688
3010,87.7160372805
3011,86.1299628920
3012,87.8519364834
3013,89.5085395936
3014,92.3962095100
3015,92.6235776202
3016,86.3953970538
3017,93.8942259370
3018,92.9820705977
3019,91.0596039116
3020,86.3638394766
3021,90.8779086605
3022,87.9381451331
3023,96.7434070838
3024,86.4322394249
3025,90.2725447156
3026,89.9777697301
3027,90.6047608029
3028,86.9664423691
3029,86.0734013447
3030,90.3667735880
3031,89.0294278067
3032,90.0556187362
3033,88.8813611792
3034,87.7688996254
3035,83.7813951750
3036,86.5251444972
3037,84.2294763591
3038,86.2412573413
3039,91.7243354382
3040,86.9589261758
3041,87.2625509123
3042,92.2211567021
3043,84.0755416910
3044,91.9469045739
3045,88.8200361822
3046,90.8477084764
3047,90.1141230342
3048,81.4539747507
3049,94.2850975625
3050,91.9771069776
3051,85.9856182914
3052,90.6831861410
3053,87.2765670068
3054,90.7528961278
3055,87.2291770156
3056,91.4230764473
3057,88.0504052159
3058,88.6967840527
3059,89.0225496541
3060,90.2587358222
3061,89.9948569342
3062,91.7774495199
3063,82.6279392121
3064,86.6011783723
3065,88.5861624386
3066,90.6091998190
3067,89.6672926958
3068,81.7855546778
3069,88.7887239930
3070,88.2187272968
3071,86.1509803372
3072,86.9613207118
3073,89.4253393299
3074,89.9665504446
3075,87.0742679947
3076,92.0481538989
3077,86.9115538333
3078,81.3862565040
3079,86.2067797441
3080,89.2046466235
3081,89.8974462223
3082,86.4429300248
3083,86.4775587108
3084,88.0254272314
3085,88.3604977202
3086,89.5909870388
3087,86.0735557992
3088,90.1023107702
3089,82.9214085447
3090,90.0138767988
3091,90.2447830932
3092,85.7970753767
3093,90.5391600513
3094,83.4125582394
3095,85.4449512526
3096,89.7721765750
3097,92.5176759952
3098,86.7509062253
3099,87.4385910490
3100,82.9866071126
3101,93.2177368714
3102,83.3494636113
3103,86.3989317651
3104,86.4739679636
3105,84.4084628423
3106,86.0446634275
3107,87.4860575633
3108,93.8507029091
3109,86.2376023797
3110,91.9000477148
3111,87.2397649845
3112,85.2893543795
3113,87.3656594215
3114,85.0457098522
3115,89.7191867514
3116,92.4357942940
3117,88.7736594984
3118,87.4957933752
3119,82.9493382472
3120,88.3895946376
3121,90.4417353679
3122,85.5265963764
3123,83.2824339695
3124,88.8274039347
3125,87.3674995986
3126,88.1828250388
3127,82.4994141793
3128,88.2443079847
3129,89.9701379247
3130,86.2597483988
3131,89.7744626088
3132,90.2158656279
3133,86.3882185410
3134,89.5379533506
3135,87.8676157203
3136,83.2998296379
3137,89.9698381516
3138,88.6489745724
3139,88.7881224595
3140,87.2935865408
3141,87.3515400180
3142,90.0567497995
3143,88.7310963379
3144,89.9191603023
3145,89.6421315629
3146,90.1282113130
3147,87.1504615866
3148,87.3827099219
3149,87.0495007303
3150,87.7952022788
3151,86.1946735731
3152,91.3104187046
3153,88.4719395072
3154,86.8573092120
3155,85.2398399717
3156,92.1890945504
3157,89.3185629977
3158,89.3896694575
3159,89.0301654745
3160,91.1145255475
3161,82.5873085175
3162,91.1634383230
3163,87.9279438893
3164,89.1657956359
3165,86.3301596059
3166,89.1491297051
3167,83.4134176605
3168,87.0723182071
3169,92.4658483226
3170,88.5437291273
3171,92.1666826789
3172,86.4879479012
3173,90.1658591363
3174,87.3107688706
3175,86.2472649740
3176,94.1857250738
3177,87.2332079180
3178,88.9190014469
3179,91.4971482163
3180,85.1233809973
3181,87.9336119266
3182,88.0572868067
3183,82.6592140225
3184,84.1199486139
3185,89.0544538808
3186,85.2097756940
3187,89.5000692208
3188,91.4111008371
3189,90.1572112703
3190,87.0066170434
3191,88.0080576049
3192,88.0574117378
3193,92.0255631621
3194,90.3128459320
3195,87.8439359574
3196,89.6131497830
3197,87.1776299685
3198,89.2912774594
3199,89.6675861076
3200,92.5022119927
3201,89.3072657789
3202,87.4219222781
3203,87.7521026395
3204,85.3528443656
3205,87.2091474930
3206,89.1178035461
3207,87.8210748672
3208,86.0022272041
3209,89.0784202831
3210,90.1723148373
3211,88.1522175551
3212,81.7238600543
3213,87.0971794116
3214,90.8261707562
3215,81.4872266205
3216,90.2568457584
3217,83.8554226772
3218,88.0096375496
3219,91.0968771140
3220,85.8815053302
3221,93.4541102464
3222,91.5759815742
3223,86.9199303753
3224,87.5411601241
3225,87.0443969869
3226,90.3897705425
3227,85.4401206514
3228,87.3524915512
3229,88.4846290588
3230,91.8021923157
3231,85.6990729312
3232,85.7849339640
3233,86.0385939288
3234,87.9150336280
3235,85.9962954530
3236,82.4904333425
3237,87.6805152293
3238,86.9015817647
3239,85.2455042333
3240,85.7452459740
3241,87.4145523143
3242,86.2127730962
3243,88.6509261200
3244,88.7483143775
3245,86.6538528253
3246,89.3463603910
3247,85.6108066616
3248,90.7953756210
3249,91.0235795359
3250,87.5086463740
3251,84.0065038546
3252,86.8235571124
3253,89.0703041133
3254,90.3975781189
3255,91.6419414637
3256,93.2415212653
3257,89.3104759683
3258,86.2385485993
3259,87.2787384165
3260,89.3662631310
3261,86.2160629013
3262,82.3894217735
3263,82.7937882057
3264,82.8605315767
3265,83.8922553949
3266,89.0126541465
3267,90.7648285259
3268,84.7684669175
3269,90.7319691644
3270,91.7899844498
3271,83.8083072662
3272,84.6080950693
3273,92.3617432573
3274,90.2872378814
3275,89.8745913946
3276,92.0165823862
3277,86.3607185040
3278,81.7914881587
3279,90.9974493401
3280,85.6423858616
3281,87.1892248342
3282,88.1848623667
3283,87.5908106331
3284,88.7164758388
3285,84.3159315339
3286,89.0582749772
3287,88.6319162022
3288,89.7189644910
3289,91.1009669003
3290,89.1366234675
3291,85.8862808209
3292,85.0695870339
3293,88.1434529646
3294,92.3183255286
3295,84.7685076109
3296,89.8803842003
3297,91.1357433714
3298,90.0822679991
3299,88.8341149966
3300,82.5823772238
3301,85.9050109102
3302,87.7598839890
3303,86.6974525960
3304,92.6115019391
3305,88.5231626376
3306,87.3239707030
3307,88.6971822900
3308,87.7651998333
3309,89.0034493584
3310,82.9418440300
3311,86.7395177464
3312,90.7763692607
3313,86.9519318804
3314,90.4745132631
3315,83.5633841860
3316,84.3662902084
3317,88.6686764297
3318,85.8643968744
3319,86.4731183389
3320,89.5797227519
3321,86.9230640027
3322,89.1946853168
3323,89.2655422911
3324,90.1340396355
3325,89.1154206005
3326,81.0432513038
3327,91.2504576633
3328,83.4097068726
3329,90.0557485553
3330,86.7402939724
3331,88.7646133878
3332,88.4750207017
3333,90.3492977164
3334,90.0270251630
3335,86.6608604646
3336,95.3148329356
3337,90.1093243499
3338,89.0144070773
3339,87.1310236746
3340,87.8108343049
3341,88.9660546661
3342,86.6314734945
3343,88.0924782170
3344,83.5210455813
3345,90.3977532366
3346,90.8567296481
3347,88.5377580843
3348,92.8330465173
3349,86.1815351840
3350,85.2281913065
3351,88.3012596457
3352,88.9364192399
3353,85.0700186116
3354,87.0731952031
3355,88.7076087586
3356,83.6060768099
3357,88.0894575247
3358,88.7280806738
3359,86.1746004289
3360,86.6677433860
3361,88.9845056856
3362,88.7403137941
3363,88.8481561159
3364,86.2316200520
3365,85.6672988559
3366,91.4944044384
3367,87.1893896149
3368,88.3183972990
3369,86.6944702572
3370,87.8012254641
3371,87.6301099227
3372,92.0784565681
3373,90.0196120963
3374,88.9469435870
3375,87.2494974378
3376,90.9934828370
3377,87.0404572223
3378,91.4627061838
3379,90.4738763968
3380,89.5372899325
3381,92.9851303243
3382,87.3637836881
3383,89.5941943374
3384,90.9037164418
3385,82.1767779254
3386,95.0400822364
3387,86.8909994903
3388,87.8085211604
3389,83.9677953494
3390,87.0827329960
3391,93.2605085382
3392,89.0587243181
3393,86.2204655163
3394,86.4396226766
3395,85.6610657366
3396,88.6000621353
3397,93.8674325211
3398,86.4636558069
3399,88.7024069169
3400,85.2006396699
3401,85.5737304991
3402,91.3060513217
3403,89.8457144023
3404,86.6877329248
3405,86.8686086816
3406,90.2717383801
3407,87.1373782530
3408,85.8475815866
3409,88.0570848843
3410,90.1089101132
3411,86.0000750551
3412,81.3869392041
3413,89.2211155667
3414,87.2874472755
3415,86.1614816194
3416,85.8059000867
3417,90.7850693576
3418,90.5488454072
3419,87.3685880622
3420,83.0176813557
3421,85.8161569429
3422,93.4301921265
3423,89.2900701414
3424,82.5172187880
3425,87.8145173455
3426,88.0081797290
3427,90.4598329210
3428,91.7478218289
3429,87.6108634528
3430,90.4160458570
3431,89.1020821442
3432,83.5191985790
3433,85.6054884120
3434,90.7330041808
3435,85.0402816495
3436,86.6388521962
3437,90.4212430497
3438,88.2751873871
3439,93.0481070093
3440,92.1587094090
3441,91.5906718823
3442,85.5986626702
3443,85.4926199100
3444,89.8535667266
3445,88.1970514849
3446,84.3326182511
3447,87.1278994822
3448,92.4628104089
3449,90.2869415384
3450,86.9660301349
3451,84.2081080290
3452,94.6890141635
3453,88.5014813022
3454,88.6000073468
3455,88.4095838147
3456,85.5216738832
3457,91.8058129291
3458,88.5478079273
3459,85.2555719459
3460,87.7056458004
3461,87.9972548056
3462,84.3727062332
3463,89.6987275478
3464,91.8194648517
3465,89.4640850647
3466,88.2551383045
3467,84.2166454214
3468,86.4924792146
3469,86.7122156101
3470,83.9978972368
3471,86.7313961498
3472,90.5884046409
3473,86.6966217451
3474,81.4681975791
3475,85.0749684343
3476,90.6318572498
3477,85.9816287147
3478,85.6327107149
3479,87.8067232383
3480,85.1119463264
3481,89.0147724366
3482,88.7639187354
3483,90.5075275018
3484,85.9055598447
3485,91.0164646575
3486,92.7169890180
3487,85.1239456138
3488,91.0140745320
3489,89.1876963058
3490,88.9369618249
3491,89.1618720160
3492,82.5599819119
3493,89.5639854165
3494,89.9757359167
3495,88.7988877560
3496,88.9989640723
3497,90.1244383602
3498,85.7744379624
3499,90.5740145675
3500,88.7480299246
3501,92.3216573872
3502,89.8305601140
3503,90.3827488977
3504,88.0645961368
3505,89.0958035273
3506,88.4283287299
3507,84.6556927605
3508,90.3074858152
3509,83.9154859670
3510,87.3800055682
3511,85.0295278230
3512,87.5020703384
3513,93.6658621593
3514,88.3126466228
3515,84.6636028576
3516,85.6471980798
3517,92.2638713243
3518,85.2454269587
3519,88.2030938939
3520,86.7183795422
3521,90.2994569212
3522,89.8203346809
3523,88.7209665264
3524,87.0788951112
3525,89.4952698583
3526,86.0098173693
3527,89.0186700041
3528,91.2638856433
3529,90.6127999540
3530,85.9196891186
3531,86.7893362548
3532,86.9596721266
3533,85.3807967282
3534,90.1836711080
3535,90.5733155304
3536,83.0089960627
3537,88.7430262040
3538,86.9963798010
3539,90.0481344016
3540,88.0221985097
3541,88.0675190088
3542,85.4832977111
3543,84.6442131045
3544,93.2658707814
3545,89.8982387478
3546,85.8296598393
3547,87.3791956768
3548,88.9620109608
3549,91.3303661554
3550,87.4104654467
3551,88.8086558010
3552,90.1697929213
3553,85.3763843012
3554,88.8677904415
3555,89.7256221087
3556,94.5674327480
3557,88.0393411439
3558,86.9289062556
3559,91.4447496027
3560,87.4165011438
3561,93.8890448367
3562,92.1621147435
3563,85.7793802181
3564,87.2070526002
3565,90.1755234364
3566,80.5010546014
3567,89.0498332420
3568,91.1200454606
3569,87.7255963804
3570,87.7324141717
3571,85.6700315261
3572,91.1033836451
3573,85.8279671796
3574,91.0959521920
3575,90.1469030472
3576,91.0221813697
3577,92.3326395655
3578,91.6134733310
3579,85.1983848974
3580,89.2213729331
3581,86.3071716754
3582,87.9356960771
3583,90.5688128140
3584,86.3206033767
3585,89.6603961357
3586,82.3998100705
3587,84.6335247346
3588,82.3222547282
3589,88.4477636694
3590,89.1155548479
3591,84.6855626199
3592,85.4197600575
3593,87.4394124110
3594,92.8695954842
3595,86.9795382646
3596,89.1077386049
3597,84.1263723712
3598,85.0575586408
3599,87.0177928376
3600,85.3949958275
3601,87.3369687401
3602,89.6188707688
3603,86.5980811787
3604,88.5012136165
3605,87.4361806923
3606,85.4716854930
3607,84.6375193455
3608,88.7542536467
3609,84.9701770698
3610,88.8500246075
3611,88.7845157417
3612,90.7115319236
3613,88.1635110913
3614,82.8964178552
3615,87.7038590783
3616,93.0896539685
3617,86.4070102224
3618,85.0868109060
3619,88.0489751291
3620,83.6007814487
3621,93.5470108101
3622,83.4702916816
3623,82.9702237808
3624,86.2801166946
3625,83.8000574847
3626,85.1751907173
3627,91.4366831527
3628,85.9483935543
3629,84.6654996527
3630,91.1606655944
3631,86.4565168048
3632,83.1992289315
3633,82.5698599563
3634,84.6272024089
3635,86.2332297946
3636,88.5853681816
3637,86.6240026677
3638,92.5812593043
3639,88.8890300400
3640,94.1730115540
3641,91.3905390485
3642,88.4793779513
3643,84.8984250428
3644,86.9741247780
3645,84.3013081617
3646,87.2339451869
3647,83.7238793664
3648,89.6074709407
3649,87.8953088093
3650,92.1111488033
3651,85.9590517294
3652,86.9637779058
3653,86.0213399456
3654,91.7721673886
3655,86.0878148018
3656,85.5015705823
3657,88.2639631815
3658,91.1093633644
3659,90.5496467273
3660,89.7424223524
3661,85.8914419819
3662,84.8272084156
3663,85.3615432415
3664,88.6864590273
3665,85.0265702754
3666,87.2819982157
3667,83.1893660389
3668,91.8371298314
3669,90.1643807384
3670,87.1569047091
3671,89.8412294441
3672,90.6137083751
3673,91.7956579719
3674,82.9395794560
3675,92.6722221163
3676,89.5029763251
3677,95.2891672576
3678,90.0430613654
3679,90.7960750148
3680,86.7201059189
3681,89.2843472827
3682,85.6849590574
3683,89.7034361305
3684,89.0274640835
3685,89.2318285920
3686,88.6146766457
3687,87.3349231464
3688,91.5215743339
3689,89.0181970432
3690,90.9402817525
3691,90.8916304326
3692,90.9297081198
3693,91.8618726409
3694,89.0308026150
3695,86.2726166217
3696,89.6593759947
3697,87.1251784721
3698,90.9856277551
3699,91.7285135924
3700,88.4717891379
3701,88.7155779183
3702,93.2106289662
3703,84.0058393750
3704,88.2992666723
3705,89.2699780254
3706,88.0241018239
3707,89.4355163124
3708,91.2432986696
3709,89.6551229037
3710,87.3417738476
3711,91.5813888063
3712,89.5105339926
3713,85.0502276900
3714,89.5897531038
3715,83.6802731085
3716,91.7924831077
3717,87.6755928422
3718,89.4898405535
3719,91.5156521166
3720,89.4530438279
3721,86.8591324064
3722,88.3823647072
3723,86.7321122991
3724,82.6697032795
3725,87.5750574285
3726,90.0907546187
3727,86.2700941629
3728,84.8105384411
3729,88.5270104797
3730,90.3988336926
3731,95.0868991210
3732,89.5794286845
3733,86.3744038590
3734,88.2089232267
3735,90.4127033111
3736,91.8802706294
3737,89.3961451675
3738,90.5070571885
3739,91.4520259004
3740,85.4935198922
3741,86.0787994826
3742,88.4174463819
3743,90.7839409284
3744,87.6697529457
3745,84.6157093082
3746,90.6575614871
3747,87.6640288718
3748,85.8162490523
3749,85.5668607350
3750,85.5752418022
3751,84.9803481244
3752,90.9719810884
3753,92.4191054136
3754,89.2135115838
3755,84.3116409881
3756,85.1823271720
3757,85.2902401642
3758,88.1406830740
3759,87.5015617680
3760,93.5978546947
3761,86.3653319383
3762,87.0506523730
3763,83.4903877653
3764,87.9881873250
3765,87.9254520570
3766,85.2435731219
3767,88.3478756917
3768,90.4284513985
3769,85.3560366665
3770,85.8392543958
3771,89.6526777530
3772,85.7956136903
3773,86.7775435786
3774,86.7260665296
3775,94.4285385473
3776,82.9909884486
3777,87.5601863957
3778,84.0416094525
3779,83.6287967841
3780,90.5186854243
3781,89.5690309756
3782,93.2380583748
3783,81.1288025606
3784,87.9857863121
3785,84.1143706697
3786,85.3183168295
3787,86.0089899357
3788,86.3082403745
3789,88.7266114114
3790,91.6974286293
3791,88.2432682163
3792,84.5604468212
3793,84.9299675032
3794,88.5100909876
3795,87.7145098520
3796,90.3203913170
3797,90.1966551409
3798,86.2610294867
3799,87.6642017296
3800,89.8330912834
3801,94.2002363377
3802,88.5221638735
3803,84.9586787026
3804,89.3962918480
3805,87.7320043806
3806,82.7600208435
3807,91.1464373770
3808,86.5347729938
3809,84.9202053374
3810,91.5294034220
3811,90.2612140678
3812,90.6539990209
3813,91.0907273041
3814,90.3232681774
3815,87.7916446744
3816,91.7686057172
3817,87.4295425697
3818,86.1700543005
3819,83.2992761501
3820,94.7430565844
3821,89.1601789496
3822,89.2163008706
3823,86.8449191135
3824,90.4152186640
3825,84.8846396111
3826,86.3272658635
3827,86.3967723368
3828,87.3404598406
3829,90.3239515657
3830,81.2646782985
3831,85.2210142872
3832,87.6933655880
3833,86.5641241961
3834,81.1848318647
3835,88.1224015567
3836,86.1228395761
3837,84.3080151921
3838,83.6697461726
3839,88.5677600524
3840,87.5468965713
3841,88.2642709455
3842,88.8948255154
3843,82.3030313845
3844,84.9660389314
3845,89.3213589216
3846,87.4599538913
3847,89.3614142430
3848,85.8944724270
3849,89.2941465418
3850,91.1025759812
3851,91.1694408205
3852,86.4860967549
3853,86.5513882771
3854,87.6297467030
3855,89.4718508720
3856,84.2246762313
3857,89.4303372284
3858,91.8412188680
3859,88.3738493828
3860,88.9353209853
3861,90.5562835541
3862,89.0967120584
3863,90.4947691752
3864,93.3188828865
3865,92.0835284933
3866,87.8632957622
3867,93.2371135734
3868,87.2372380827
3869,83.4058472407
3870,88.3136267037
3871,84.2074102299
3872,86.9717429955
3873,81.8213545871
3874,94.2120192150
3875,88.4452253402
3876,86.4246147651
3877,88.3779287184
3878,88.8437140270
3879,87.4067544862
3880,89.6029764525
3881,92.6766377939
3882,88.1403996907
3883,88.6740815901
3884,87.9076684883
3885,85.7885776215
3886,86.9478825669
3887,86.1802899327
3888,87.4401394239
3889,86.5444783612
3890,91.7235736992
3891,90.3072354674
3892,89.9682238549
3893,90.9790416010
3894,91.0599058690
3895,89.0830744728
3896,88.5343799969
3897,80.1093247661
3898,84.5949843466
3899,89.2509752390
3900,87.1263233250
3901,89.3659325546
3902,90.4163830949
3903,89.1933363016
3904,87.3060333388
3905,86.2095251784
3906,92.2319788847
3907,84.0648589283
3908,88.3052498058
3909,85.2663060793
3910,84.8024728633
3911,91.4302026804
3912,88.7096311447
3913,88.3597461182
3914,88.3576719047
3915,89.2798019944
3916,87.4985117535
3917,91.1554790904
3918,89.8168197048
3919,86.0021893194
3920,90.1341916296
3921,90.4845310222
3922,89.8337862390
3923,82.7743366272
3924,84.3615497889
3925,89.1040709946
3926,84.6793278949
3927,90.1743217929
3928,85.9750624179
3929,92.7490623956
3930,86.1805455387
3931,91.7437905649
3932,88.4567639450
3933,86.0432923262
3934,88.6616417783
3935,83.7104609823
3936,90.5210326056
3937,83.8750705677
3938,86.0427847776
3939,87.5285699748
3940,94.7934008290
3941,87.1186377357
3942,90.1302295888
3943,85.6505092032
3944,85.0732231591
3945,93.1367690920
3946,86.7453975197
3947,92.2265578886
3948,90.9003306525
3949,92.6660910463
3950,90.0996876635
3951,88.8431202637
3952,90.8702435038
3953,86.9366047553
3954,90.3516805188
3955,89.3393225086
3956,90.4067279291
3957,87.7735850191
3958,89.8669757243
3959,86.5435345988
3960,84.9882120437
3961,89.6446407420
3962,93.4400529570
3963,90.4596378409
3964,84.3644223337
3965,83.4576631645
3966,88.2326348259
3967,92.6386365358
3968,90.5990882518
3969,89.8886314716
3970,87.8985270755
3971,87.0045289516
3972,91.0023400233
3973,87.5015283408
3974,86.3890321509
3975,85.4327417744
3976,87.1164286205
3977,84.3860343906
3978,89.9567129081
3979,91.3180093415
3980,88.2575794928
3981,88.5072129839
3982,90.1123002281
3983,88.5790220600
3984,84.1554317159
3985,88.8080476636
3986,90.4784769340
3987,90.1841318387
3988,90.0434077535
3989,88.6864820012
3990,91.4620829100
3991,91.0514862779
3992,84.9581835963
3993,86.4004348928
3994,92.0959545618
3995,90.6133282476
3996,86.0519647341
3997,86.5243796652
3998,90.5019866388
3999,90.8338445549
4000,84.6697567819
4001,88.2683537549
4002,86.6528462721
4003,88.2043254563
4004,86.1220072542
4005,85.5905027835
4006,86.0072513212
4007,89.9629348415
4008,80.2402036555
4009,93.6372551937
4010,91.9048784509
4011,88.0034162921
4012,85.1731502640
4013,86.1241638921
4014,91.2562560789
4015,84.0754261553
4016,87.8436806062
4017,82.7248441643
4018,87.6667860463
4019,91.8294042700
4020,91.4947712694
4021,91.3152973625
4022,88.8007292297
4023,91.7083200013
4024,89.8760127849
4025,88.4068718127
4026,89.7313138794
4027,91.0856635650
4028,93.4119287939
4029,82.4314107074
4030,88.8052390809
4031,90.3374632119
4032,83.0775665464
4033,87.3160804304
4034,84.0943550006
4035,92.9713982243
4036,88.8526510119
4037,90.4565673777
4038,91.1504647528
4039,84.0617872405
4040,86.5511121408
4041,84.6452370011
4042,87.1498888646
4043,89.1971142488
4044,85.6058915662
4045,86.5755487721
4046,92.5955708596
4047,89.0431624746
4048,86.5110475343
4049,89.7884740113
4050,91.5306794136
4051,93.7564704653
4052,87.4574532630
4053,88.8754807390
4054,86.5235868990
4055,85.8457746487
4056,89.2601793368
4057,84.7860962320
4058,93.3050585936
4059,86.7694652042
4060,87.5160942047
4061,88.3822240463
4062,81.7140771495
4063,91.0308044393
4064,89.7898117140
4065,90.1761740997
4066,88.2887744208
4067,86.1244389963
4068,87.5582995606
4069,87.6212981308
4070,85.8118736220
4071,85.7063788669
4072,89.5020847018
4073,84.6453607929
4074,91.6707992024
4075,89.5481414657
4076,87.2417103092
4077,90.2235621964
4078,92.4451654252
4079,89.9755618310
4080,85.2615323744
4081,89.5096317612
4082,87.8255522478
4083,89.9006435373
4084,94.6910995884
4085,88.8355967945
4086,88.7291391473
4087,88.6109684633
4088,86.9516532105
4089,90.2699646005
4090,87.9589938458
4091,84.4375221181
4092,90.5488194801
4093,86.2619186852
4094,86.9799523168
4095,84.2747188852
4096,90.1511082972
4097,96.0719789082
4098,91.3323763913
4099,89.9730212595
4100,87.0652736157
4101,86.3757961112
4102,90.0788698328
4103,88.0632635838
4104,89.4182559842
4105,87.2577697506
4106,85.5510004922
4107,94.6401420481
4108,88.5316088907
4109,90.8228099934
4110,89.0907329812
4111,88.8868584946
4112,84.8338469304
4113,87.6574660478
4114,86.6381887805
4115,88.8290348074
4116,90.9426007553
4117,85.9902418719
4118,89.2615509983
4119,90.8207749405
4120,89.3462757709
4121,87.6770200040
4122,86.4899646132
4123,92.3590348360
4124,91.1706954559
4125,93.4821598826
4126,87.6043628317
4127,86.0190754387
4128,86.4336604820
4129,82.0623617593
4130,89.0900880505
4131,86.9436785836
4132,87.1758194129
4133,84.9158978972
4134,85.2079961065
4135,89.5851042310
4136,93.2842319455
4137,83.3404577311
4138,86.6438177143
4139,83.5093308468
4140,87.3455580457
4141,86.5163649499
4142,87.3807654709
4143,91.2642052092
4144,86.6646550337
4145,84.9435574821
4146,94.2976455049
4147,92.4615423145
4148,87.5397084134
4149,90.6427735800
4150,89.8712441287
4151,87.3449115250
4152,89.2359389226
4153,87.7084588588
4154,88.0829123357
4155,83.0747151478
4156,92.7203712370
4157,89.4363967928
4158,86.4959875739
4159,86.3421339699
4160,88.5128888893
4161,88.5265292451
4162,85.6333351034
4163,87.7765984978
4164,84.5410647665
4165,86.6383970959
4166,87.0890182020
4167,85.4170443875
4168,84.9481775600
4169,90.5592307559
4170,86.8359300616
4171,83.1607680506
4172,86.9065577707
4173,80.0498847630
4174,87.7863155193
4175,83.6033921110
4176,88.2117819576
4177,87.9225517608
4178,88.5641574618
4179,86.4482920674
4180,87.1277446534
4181,87.9140526990
4182,84.2227272300
4183,90.8484845249
4184,89.7856785991
4185,87.0423020591
4186,85.1224089304
4187,86.9586764837
4188,89.5926005119
4189,89.8527500647
4190,85.4433198033
4191,86.6323527893
4192,89.1709077527
4193,89.4457965647
4194,90.9253621143
4195,89.5890198920
4196,90.8925688655
4197,84.7654442928
4198,91.5924995234
4199,87.5762561777
4200,88.2752541362
4201,86.5600632109
4202,94.6074132378
4203,83.0177130428
4204,88.1632410654
4205,93.3066811209
4206,87.9452902907
4207,89.4401619907
4208,89.6940277117
4209,85.6734675324
4210,85.8175181967
4211,89.9951876166
4212,85.8476823638
4213,88.4457452248
4214,88.7086852594
4215,89.3128651509
4216,84.2445859252
4217,89.2885549289
4218,88.4999214124
4219,88.5126394420
4220,87.4188591097
4221,82.5919047202
4222,91.4922730381
4223,86.3559286836
4224,88.7093089993
4225,86.6337435207
4226,88.8099632546
4227,91.6130925264
4228,88.2475224686
4229,87.5618666040
4230,84.2854992803
4231,86.9590587492
4232,85.7217065397
4233,90.2050051785
4234,88.1197215611
4235,89.4966295553
4236,84.1844168133
4237,91.0650269110
4238,91.7763095631
4239,91.1052445801
4240,83.6693233628
4241,92.7341111904
4242,93.5596348325
4243,86.0638155364
4244,83.8216547168
4245,81.8581317685
4246,90.7348318487
4247,85.3414797715
4248,91.6936543922
4249,80.3902005591
4250,86.6900156848
4251,91.4234931614
4252,86.1030714455
4253,90.9364016042
4254,88.3488818122
4255,90.0521182970
4256,90.6650023614
4257,89.5791569253
4258,88.0167699144
4259,92.9046715400
4260,87.6194097669
4261,88.9930520332
4262,84.7892183300
4263,91.2456165542
4264,90.1974055771
4265,80.7780356854
4266,87.1432025658
4267,80.4970872410
4268,92.4133144114
4269,81.9256075771
4270,90.6259720699
4271,90.0220079490
4272,85.2393247723
4273,89.6424909236
4274,87.9103011535
4275,92.3315065097
4276,88.1971285244
4277,86.9553346035
4278,87.2883553943
4279,89.2711103058
4280,92.0030102439
4281,87.7959145090
4282,85.6787440772
4283,93.1776307952
4284,87.1333202189
4285,88.1361604056
4286,87.4345012085
4287,89.8096396956
4288,88.9500712076
4289,87.2523618951
4290,84.1346323138
4291,89.7531865018
4292,89.0498715567
4293,86.1468591379
4294,91.4653035786
4295,88.1115514929
4296,89.7841204410
4297,83.6640024757
4298,82.8082564915
4299,89.9159915537
4300,85.0133182735
4301,81.9611188450
4302,84.4540136288
4303,92.1613614211
4304,88.6366288114
4305,87.2961277540
4306,85.6088037185
4307,91.2289487765
4308,85.0322405903
4309,91.6566520289
4310,89.6044771926
4311,90.0705057486
4312,88.0614367800
4313,87.1041559364
4314,88.2065653696
4315,94.4605015930
4316,87.1371069077
4317,88.9922752878
4318,89.2872354686
4319,92.4342207603
4320,90.7799801981
4321,90.6550505571
4322,87.0191101231
4323,87.1667221344
4324,86.0988475641
4325,86.1715648204
4326,91.2997751619
4327,88.6189781142
4328,87.6938939952
4329,87.5622896105
4330,86.9972713602
4331,86.2720372967
4332,90.9600807682
4333,94.8479802670
4334,87.1011710079
4335,86.8430765716
4336,87.8273082628
4337,90.2655734788
4338,87.2490181737
4339,88.6283506231
4340,86.1295579820
4341,87.6041414163
4342,87.9482377466
4343,90.4712627273
4344,90.4101173293
4345,85.6942292753
4346,87.5862447757
4347,88.7485131519
4348,81.8584650628
4349,86.1063056501
4350,87.9038066777
4351,89.1044912519
4352,89.8443792175
4353,87.3498056933
4354,80.6902440136
4355,85.2041945690
4356,87.9135193477
4357,93.3944153868
4358,89.6779678710
4359,87.0820006013
4360,91.3839019025
4361,83.1511967498
4362,89.2117772347
4363,86.9095800434
4364,91.2859867871
4365,88.0075160750
4366,87.8868461596
4367,85.3286553872
4368,86.0677945818
4369,88.3641729938
4370,89.2451775581
4371,88.9602678249
4372,81.8384687670
4373,86.5006364148
4374,86.0278999321
4375,90.3697022101
4376,93.3500593049
4377,88.1996506538
4378,92.3266453137
4379,84.1768659953
4380,90.0054297831
4381,88.9838678867
4382,88.2033116996
4383,91.4507609426
4384,88.8067396223
4385,86.9258426777
4386,85.7548004745
4387,86.2738048900
4388,91.9028615325
4389,88.2217530499
4390,88.0864772769
4391,90.5332736984
4392,87.2244458923
4393,84.8618926436
4394,86.4520966189
4395,86.2288363004
4396,88.6132182924
4397,88.5188098731
4398,89.0749213248
4399,86.3177236449
4400,87.5328354583
4401,87.7094991175
4402,85.9438987318
4403,85.4968378361
4404,90.1216982595
4405,84.8121162209
4406,83.5455442516
4407,89.8115566746
4408,85.8413662640
4409,83.2782695172
4410,88.6601190485
4411,91.5986786278
4412,86.8864857836
4413,90.3285240061
4414,87.5975919077
4415,87.8485611150
4416,91.1766360400
4417,88.5140545138
4418,92.8943699439
4419,89.6442499543
4420,83.7214664267
4421,84.5961898347
4422,85.9140300782
4423,84.6005887653
4424,79.0313718999
4425,88.0984934935
4426,89.0558019531
4427,87.3373979516
4428,87.0553807373
4429,90.8010608456
4430,87.3100279775
4431,82.8122921638
4432,89.1925612414
4433,90.5616909116
4434,90.9511001015
4435,85.9115576434
4436,85.8143267720
4437,91.0610987499
4438,88.8032598041
4439,87.5893107739
4440,89.2338928292
4441,90.8933345461
4442,88.1713978998
4443,86.0211065053
4444,84.3440350672
4445,87.0986032256
4446,89.8658825876
4447,88.3477329502
4448,83.9138360434
4449,91.6994626570
4450,92.4070533032
4451,88.8683591175
4452,83.4447935279
4453,85.6554087392
4454,85.3402514599
4455,91.4243289918
4456,86.7105772057
4457,85.3060823067
4458,90.6996038785
4459,84.0225195480
4460,89.9445516599
4461,88.5249723604
4462,86.3734513321
4463,88.1794952407
4464,91.1121566958
4465,90.9205941497
4466,81.7569142455
4467,90.3956412225
4468,92.4690071747
4469,87.2250312048
4470,89.0299872697
4471,88.1643957732
4472,85.5202089522
4473,86.6561356482
4474,88.5600428857
4475,89.8133052940
4476,87.9339334799
4477,89.6072881352
4478,90.7880058587
4479,82.4207011647
4480,92.3015909905
4481,84.7665002991
4482,91.4793372557
4483,84.7122198437
4484,87.5964964125
4485,92.7643535293
4486,91.2285817421
4487,89.3472320268
4488,82.7815411986
4489,87.6554018350
4490,89.3340898720
4491,93.6414248764
4492,87.0482574776
4493,89.0379238374
4494,98.1659014265
4495,85.7665719208
4496,84.9665983853
4497,86.7405357984
4498,91.9992956083
4499,88.7301363243
4500,91.1674670359
4501,90.7059719619
4502,90.5397485382
4503,91.5136673680
4504,88.4450563485
4505,91.6043402590
4506,90.9613344012
4507,89.0179693806
4508,80.9022474769
4509,86.3577226373
4510,89.6346868492
4511,90.8053611957
4512,89.3667238682
4513,90.3112175111
4514,88.3510248061
4515,87.1839864070
4516,83.8397729167
4517,89.1224151326
4518,82.0100877365
4519,90.2734050179
4520,88.8220100195
4521,87.8218636623
4522,88.6888184494
4523,90.5400279753
4524,88.0470602546
4525,82.9720613883
4526,87.2338037169
4527,90.8122059817
4528,90.5472569857
4529,90.7064613314
4530,88.9439608730
4531,87.7524141920
4532,85.7568156258
4533,91.5637452511
4534,89.6278057725
4535,84.7809965618
4536,89.2426667030
4537,90.4916172603
4538,92.9680568883
4539,88.6058992443
4540,81.8669433011
4541,87.2716679983
4542,85.9336337959
4543,90.3739849152
4544,85.4669547104
4545,89.3312372483
4546,82.7269628830
4547,92.3365537887
4548,87.6228204907
4549,90.3136873553
4550,90.6629217521
4551,87.6108508664
4552,84.2013991515
4553,87.3217036871
4554,90.2208802775
4555,89.4085878834
4556,85.4781994355
4557,85.8542438070
4558,93.3847220989
4559,88.2808079012
4560,89.7908684703
4561,91.2288733304
4562,91.4531928543
4563,86.8281797546
4564,88.6353109569
4565,86.7447720734
4566,94.3209847368
4567,87.9341370211
4568,89.1542138792
4569,87.1769223167
4570,87.6552184452
4571,88.4218954802
4572,85.4772001654
4573,86.4966078023
4574,87.0049288427
4575,85.2785468097
4576,80.1395367654
4577,91.1693422547
4578,86.3325044996
4579,89.6028481484
4580,85.2603036494
4581,87.2187053330
4582,84.7094614447
4583,86.4948616446
4584,82.0747950221
4585,88.2744691135
4586,87.5070034961
4587,87.4134821564
4588,88.6908091345
4589,82.7799246303
4590,85.9765956938
4591,87.2726779511
4592,85.2751389554
4593,87.1588337040
4594,87.9822710841
4595,93.3119277013
4596,87.6212388781
4597,92.3202276259
4598,90.3624556499
4599,88.3576060738
4600,87.7573650828
4601,87.3544942170
4602,88.9940780828
4603,86.7138802968
4604,87.3042104600
4605,84.4322267867
4606,92.0629504418
4607,89.4001576238
4608,92.7097722787
4609,86.8766472748
4610,91.5487039235
4611,83.9017471145
4612,85.2341217256
4613,85.8904904068
4614,83.8112520881
4615,86.2008746079
4616,84.3247139251
4617,88.5244932924
4618,83.7866102253
4619,88.4769073205
4620,91.7112954831
4621,88.2439254581
4622,85.5692028157
4623,88.1171739494
4624,83.5438580007
4625,88.1420699150
4626,88.9068504028
4627,91.2905734264
4628,87.4475659039
4629,83.1718042446
4630,86.2376749663
4631,88.6573914340
4632,90.0210611309
4633,86.7477201449
4634,91.2940520579
4635,91.5576306750
4636,87.2375113289
4637,88.9166896098
4638,86.4646235758
4639,89.1240950848
4640,88.9745673746
4641,87.0422035740
4642,87.5922415134
4643,89.8134720690
4644,88.5497975036
4645,90.3826355606
4646,88.1045917191
4647,88.3967148326
4648,86.9686910316
4649,87.7165396784
4650,89.0014544603
4651,90.0993430304
4652,81.4010049026
4653,85.5905294343
4654,86.3393823132
4655,85.2616885248
4656,87.5239117066
4657,88.7959197623
4658,90.1779651832
4659,89.8408546068
4660,90.7436421881
4661,91.3486100480
4662,89.9044555843
4663,86.9668309795
4664,89.7878295078
4665,94.3567395423
4666,84.7902738000
4667,90.1666983792
4668,84.7190074682
4669,87.7659341658
4670,90.6679811513
4671,86.1003494165
4672,90.7372605075
4673,95.4618949609
4674,87.7240001855
4675,89.4724314308
4676,88.0940635004
4677,90.3581153534
4678,88.4252524834
4679,92.5423268301
4680,91.6070479192
4681,88.1974936983
4682,87.4309844252
4683,81.0899692705
4684,83.2924144884
4685,85.8720912621
4686,83.5203290239
4687,83.2331769628
4688,88.0211440559
4689,90.3290159647
4690,83.1353574338
4691,83.5132762429
4692,85.4556417254
4693,90.3312205303
4694,88.0889337808
4695,84.9913864192
4696,94.5063858729
4697,86.7714672381
4698,85.9968385635
4699,87.0029685533
4700,84.2946345668
4701,83.8720569928
4702,86.3787792461
4703,94.0319133012
4704,90.3899554813
4705,85.0407311449
4706,87.0925960932
4707,89.5773273252
4708,84.6645371782
4709,87.1040747683
4710,90.2341464382
4711,89.6767176891
4712,87.4446502171
4713,91.6458931721
4714,88.6523765968
4715,85.3403209299
4716,88.2506343377
4717,87.7436345685
4718,88.6169597808
4719,86.0224307019
4720,88.2199994196
4721,90.1172981434
4722,83.6982257679
4723,82.6764467297
4724,89.0104635073
4725,86.7333525448
4726,86.3905295623
4727,85.5537498458
4728,85.8006926362
4729,83.7425061772
4730,91.9762023184
4731,85.3921447124
4732,85.3636835052
4733,85.1243666580
4734,89.6307713187
4735,89.5475492774
4736,90.1555717283
4737,86.0865347485
4738,86.4259720025
4739,85.7336248719
4740,87.5537106433
4741,85.3904569139
4742,88.4917396984
4743,86.5871140066
4744,88.6565730468
4745,82.7875062206
4746,92.3647868604
4747,88.9918208425
4748,90.5035460776
4749,90.8052164758
4750,88.4621702528
4751,84.1879183178
4752,84.5503671760
4753,86.6610728639
4754,86.3775398042
4755,82.4030237297
4756,84.5247409093
4757,86.4082184248
4758,85.7822695895
4759,86.9868251248
4760,86.6633910698
4761,87.9412475131
4762,90.0159063855
4763,87.8475013688
4764,91.1554535636
4765,89.5524991349
4766,86.6334242220
4767,89.8715859703
4768,86.6747330433
4769,89.6741850541
4770,89.3213500928
4771,92.3235579300
4772,88.4953828976
4773,87.8603259198
4774,82.2197981379
4775,84.3898491236
4776,87.6765736211
4777,83.1649502588
4778,91.3613664449
4779,85.2235681398
4780,86.5853762508
4781,90.6341382487
4782,90.6142893006
4783,89.1467891622
4784,91.0078233997
4785,86.9050863646
4786,86.3192047036
4787,87.3574208956
4788,90.4230982596
4789,90.8426563224
4790,87.8984077640
4791,92.0976973488
4792,89.0703531998
4793,82.5951605551
4794,91.1624074950
4795,89.5670284107
4796,83.4467171011
4797,85.7933828988
4798,82.2864927209
4799,84.4028738092
4800,84.8364949544
4801,85.7565325477
4802,89.2911170207
4803,87.1757852909
4804,86.7119767905
4805,86.4822029593
4806,85.4303410021
4807,87.7144937623
4808,83.5620495041
4809,85.9718691704
4810,87.2091163156
4811,91.6121681074
4812,87.3728931501
4813,92.3467660657
4814,84.3561240914
4815,89.7392098297
4816,90.3402890422
4817,89.4853359460
4818,89.9974686852
4819,87.3633980285
4820,83.7136305616
4821,86.7707648178
4822,90.8230848095
4823,88.6989097329
4824,89.5301400613
4825,85.9079514702
4826,88.0228993407
4827,87.5136301416
4828,85.1410674648
4829,87.3151481653
4830,90.2007574822
4831,86.5244372965
4832,90.7579426055
4833,82.8809345935
4834,91.6149349220
4835,90.7671444046
4836,88.1426000848
4837,88.6601912373
4838,91.1234633549
4839,86.8859058127
4840,83.1649281992
4841,88.4134925532
4842,87.9849793293
4843,86.7847006165
4844,90.5255867946
4845,83.2737352428
4846,89.8127696237
4847,91.6024888933
4848,86.5491449441
4849,91.4053353983
4850,82.3464664655
4851,88.1443073326
4852,90.8040928198
4853,88.6176734274
4854,91.2611777793
4855,88.2952325037
4856,90.1653712235
4857,86.1357657095
4858,88.7112516741
4859,85.5519555862
4860,88.0434276525
4861,84.3422267539
4862,93.5887139093
4863,87.0025152481
4864,84.5053120598
4865,86.4717518443
4866,88.8302048583
4867,91.5735107428
4868,90.3950570793
4869,86.9485569327
4870,90.5944334430
4871,83.6939305556
4872,83.4197017487
4873,86.3316562014
4874,86.6635507783
4875,87.5098116942
4876,88.4423686880
4877,86.0117489452
4878,86.3842715077
4879,88.9325197775
4880,92.5694728452
4881,89.8914369049
4882,84.2746040893
4883,88.7971426446
4884,89.5427315010
4885,89.7937881208
4886,88.7447320214
4887,86.7270127024
4888,86.4152971273
4889,81.5347379809
4890,87.9953025889
4891,89.8604095202
4892,87.8833209196
4893,92.2854821087
4894,90.6061340861
4895,90.0961722571
4896,89.4801407341
4897,93.5212451673
4898,88.6367180160
4899,81.6421780676
4900,91.7073713871
4901,87.7657063362
4902,88.2776917046
4903,88.4939156154
4904,93.4436667808
4905,85.8709613615
4906,84.4965151081
4907,86.5160236635
4908,86.3868192533
4909,86.5060684776
4910,87.6230987644
4911,84.5048163315
4912,85.5310762160
4913,91.4798131735
4914,88.9819775481
4915,85.4991468090
4916,87.1687526679
4917,94.9481878052
4918,85.9632651773
4919,82.7653977507
4920,86.8567412215
4921,89.7994593285
4922,87.7883966060
4923,85.1585089087
4924,87.6644187483
4925,90.1550561316
4926,84.0710034421
4927,88.5852500630
4928,86.6106959986
4929,91.0030301568
4930,93.1385310052
4931,89.8711417665
4932,86.7288582237
4933,86.5489122101
4934,90.9832379037
4935,84.3227831057
4936,85.0222776915
4937,86.2202745145
4938,90.9482385934
4939,89.2165589573
4940,88.4750268576
4941,88.5724919386
4942,86.2193328059
4943,88.2084923742
4944,89.1409942638
4945,94.5016087044
4946,92.4864527720
4947,87.3705592423
4948,89.6564541142
4949,86.1146709808
4950,87.5119689056
4951,89.4240991353
4952,88.2506848294
4953,85.8690337196
4954,84.9770000678
4955,81.4206151987
4956,89.3826666910
4957,86.4553106184
4958,91.3829217076
4959,86.5314327213
4960,85.1912330997
4961,90.0375207215
4962,89.1420634967
4963,90.6410468972
4964,87.5768566324
4965,95.3164519350
4966,83.2237748044
4967,89.1540334215
4968,85.6000679309
4969,90.5402258304
4970,89.9288880114
4971,88.6034081495
4972,90.9595629496
4973,90.1957325995
4974,92.2668866213
4975,88.7934406491
4976,93.7956811280
4977,83.6776448507
4978,92.7876791044
4979,87.0878122056
4980,87.8777323751
4981,89.8378128816
4982,87.1006620690
4983,85.7096695209
4984,80.5725842939
4985,87.6494004219
4986,91.2511183711
4987,83.7415749496
4988,88.8666408451
4989,89.4145439890
4990,84.3511245163
4991,86.9202630456
4992,86.6609525713
4993,86.3500757839
4994,92.6586038849
4995,86.4661090566
4996,87.2221176932
4997,88.4145329328
4998,87.5266608270
4999,88.7232386161
